spam_words,spam_users
Free,Dawn Deleon
entry,Steven Olson
in,Michael Rosario
wkly,Charles Hernandez
comp,Michael Everett
to,Christina Watts
win,Karen Jacobson
FA,Bryan Dyer
Cup,Valerie Chan
final,Kelly Burns
tkts,Lisa Gordon
21st,Sarah Hubbard
May,Shirley Peterson
2005.,Sean Coleman
Text,Mr. Thomas Davis
87121,Sabrina Owens DVM
receive,Cory Holmes
question(std,Aaron Miller
txt,Haley Parker
rate)T&C's,Theresa Lynn
apply,Michael Reese
08452810075over18's,Erik Oneill
FreeMsg,Linda Jimenez
Hey,Bruce Lyons
there,Christina Middleton
darling,Wanda Barker
it's,Jeffrey Ramirez
been,Michael Ray
week's,Jeffrey Cook
now,Nathan West
and,Thomas Powers
no,Vanessa Warren
word,Joanna Nelson
back!,Matthew Buck
I'd,Jake Chavez
like,Ryan Vargas
some,Jasmine Davis
fun,Jerry Smith
you,Matthew Gutierrez
up,Susan Osborn
for,Alan Johnson
it,Candice Wallace
still?,Erica Ross
Tb,Karen Russo
ok!,Alexander Barrera
XxX,James Howard
std,Ashley Pierce
chgs,Matthew Randall
"send,",Dana Mills
£1.50,Amy Francis
rcv,Joshua Robinson
WINNER!!,Mr. Daniel Browning
As,Arthur Lewis
valued,Carol Diaz
network,Rebecca Mays
customer,Thomas Boyle
have,Meredith Ellis
selected,Andrew Martin
receivea,David Stewart
£900,Krystal Anderson
prize,Lawrence Kennedy
reward!,Samantha Barnes
To,Derek Price
claim,Adam Gordon
call,Hailey Hernandez
09061701461.,Kyle Carrillo
Claim,Monique George
code,Ashley Garcia
KL341.,Eileen Woods
Valid,Robert Castro
12,Richard Mahoney
hours,Emily Rodgers
only.,Michael Nichols
Had,Sarah Evans
your,Stephanie Allen
mobile,Benjamin Obrien
11,Jacqueline Gutierrez
months,Andrew Harris
or,Marissa Wang
more?,Christopher George
entitled,Morgan Steele
Update,Marc Johnson
the,Megan Costa
latest,Alexander Willis
colour,Lisa Kerr
mobiles,Jose Mckinney
with,Kimberly Spencer
camera,Seth Perez
Free!,Christopher Landry
Call,Scott Huang
The,Tina Perry
Mobile,Tyler Cook
Co,Ryan Romero
FREE,Mark Thomas MD
on,David Curtis
08002986030,Ryan Briggs
SIX,Andrew Carpenter
chances,Sheila Holder
CASH!,Patrick Melendez
From,Susan Jones
100,Andrea Bradley
"20,000",Amber Schmitt
pounds,Jennifer Cantrell
txt>,Lisa Schmidt
CSH11,Jasmine Adams
send,Todd Ford
87575.,Michael Barton
Cost,Amanda Garcia
"150p/day,",Jacqueline Gonzalez
"6days,",Christopher Turner
16+,Bryan Mitchell
TsandCs,Heather Williamson
Reply,Brenda Wong
HL,Scott Henry
info,Andrew Lane
URGENT!,Seth Weiss
You,Caleb Anderson
won,Nicholas Dorsey
week,Margaret Bryan
membership,Paul Collins
our,Ethan Thomas
"£100,000",Sharon Cummings
Prize,Melissa King
Jackpot!,Dr. Brandon Gilbert
Txt,Amy Carrillo
word:,Angelica Williams
CLAIM,Joshua Bailey
No:,Bob Newton
81010,Sheryl Brooks
T&C,Timothy Torres
www.dbuk.net,Sheri Lee
LCCLTD,Thomas Thomas
POBOX,Sara Brown
4403LDNW1A7RW18,Mary Thompson
XXXMobileMovieClub:,Mr. Phillip Abbott DVM
use,Erika Holmes
"credit,",Emma Jones
click,Eric Patel
WAP,Justin Hartman
link,Angela Jones
next,Justin Hernandez
message,Jessica Mitchell
here>>,Linda Gonzalez
http://wap.,Joyce Gonzalez
xxxmobilemovieclub.com?n=QJKGIGHJJGCBL,John Rose
England,Christopher Mays
Macedonia,Jose Sherman
dont,Meredith Goodman
miss,Miguel Woodard
goals/team,Todd Tran
news.,Edward Malone
ur,Keith Peterson
national,Patricia Hernandez
team,Kathleen Anderson
87077,Joshua Chandler
eg,Christina Johnson
ENGLAND,Amanda Zhang
"Try:WALES,",Rebecca Mills
SCOTLAND,Christina Morgan
4txt/ú1.20,Joseph Long
POBOXox36504W45WQ,Michael Martinez
Thanks,Zachary Davis
subscription,Andrew Moss
Ringtone,Sara Frazier
UK,Kelly Frost
will,Kayla Davis
be,Adrian Miller
charged,Robert Davis
£5/month,David Wilson
Please,Cassandra Howard
confirm,Lauren Howe
by,Taylor Perry
replying,Robert Richardson
YES,Daniel Webb
NO.,Victoria Davis
If,Chelsea Nunez
reply,Sarah Sharp
NO,Steven Vang
not,Linda Banks
07732584351,Jack Scott
Rodger,Kathleen Garcia
Burns,Kayla Barrett
MSG,Lauren Mitchell
We,Melissa Fox
tried,Emily Dalton
re,Peter Ellis
sms,Brian Reynolds
free,Sarah Fleming
nokia,Lisa Farmer
camcorder.,Amanda Hobbs
08000930705,David Villarreal V
delivery,Michael Ramsey
tomorrow,Rebecca Dickson
SMS.,Dr. Tina Martinez
ac,Amanda Thompson
Sptv:,Natalie Williams
New,Nicholas Miller
Jersey,Amy Stewart
Devils,Traci Jordan
Detroit,Henry Hanson Jr.
Red,Edward Adams
Wings,Bill Bailey
play,Timothy Davis
Ice,Dr. Evan Lewis
Hockey.,Joshua Peters
Correct,Amy Howard
Incorrect?,Maxwell Cook
End?,Marilyn Carpenter
END,Whitney Burnett
SPTV,Shari Lawson
Congrats!,Victoria Kirby
year,Tammy Anderson
special,Christopher Johnson
cinema,Dawn Casey
pass,Eric Andrews
is,Randall Dennis
yours.,Lisa Mcdonald
09061209465,Veronica Owens
now!,John Woods
Suprman,Peter Arnold
"V,",Kristen Rodriguez
"Matrix3,",Bob Collier
"StarWars3,",Leslie Johnson
etc,Tammy Brooks
all,Brittney Rosario
FREE!,Steven Wood
bx420-ip4-5we.,Brenda Jones
150pm.,Kelly Rocha
Dont,Jennifer Mercer
out!,Mark Cohen
"customer,",John Thomas
am,Ruth Payne
pleased,Maria Perez
advise,Joseph Miller
that,Christopher Steele
following,Jerry Jackson
recent,Benjamin Anderson
review,Mrs. Allison Turner
of,Amanda Willis
Mob,Beth Spencer
No.,Gregory Gonzales
are,Cynthia Sharp
awarded,Cody Jimenez
£1500,Rachel Perry
Bonus,Ruth Hughes
"Prize,",Timothy Harding
09066364589,Jacob Tanner
Urgent,Margaret Thompson
UR,Kevin Lopez
complimentary,James Brown
trip,Jennifer Bishop
EuroDisinc,Bryan White
"Trav,",Taylor Lee
Aco&Entry41,Kelly Roberts
Or,Jacob Bates
£1000.,Nicole White
DIS,Alexis Steele
18+6*£1.50(moreFrmMob.,Christina Kim
"ShrAcomOrSglSuplt)10,",Hannah Gibson
LS1,Michele Wright
3AJ,Caleb Torres
Did,Ryan Hernandez
hear,Jenna Taylor
about,Valerie Simmons
new,Becky Rivers
"""Divorce",Morgan Melton
"Barbie""?",Alyssa Morrison
It,James Ramos
comes,Maria Fisher
Ken's,Garrett Davis
stuff!,Mark Price
service,Charles Hughes
representative,Dennis Combs
0800,Anthony Hill
169,Sydney Martinez
6031,Richard Stokes PhD
between,Kimberly Dean
10am-9pm,Adam Mcguire
as,Deborah Phillips
WON,Rhonda Johnson
guaranteed,Derek Rogers
£1000,Annette Hudson
cash,Jennifer Lopez
£5000,Ana Ware
prize!,William Adams
Your,Jennifer Rodriguez
ringtone,Trevor Reese
waiting,Andrew Walker
collected.,Melissa Klein
Simply,Brenda Armstrong
text,James Allen
password,Marcus Parsons
"""MIX""",Melanie Mccoy
85069,Kenneth Daniels
verify.,Kimberly Herrera
Get,Tyler Richardson
Usher,Jacqueline Ross
Britney.,Haley King
"FML,",Kelly Townsend
PO,Alexandra Jones
Box,Barbara Carrillo
"5249,",Jacob Wallace
MK17,Meghan Coffey
92H.,Jennifer Green
450Ppw,Andrew Richards
16,Michael Hess
GENT!,David Stevens
trying,Stephen Chan
contact,Daniel Stevens
you.,Norman Smith
Last,Christian Davenport
weekends,Fernando Rodriguez
draw,Jeremy Howe
shows,Victoria Vaughn DDS
GUARANTEED.,Catherine Maldonado
09064012160.,Jonathan Thompson
Code,Robert Garcia
K52.,Steven Vargas
12hrs,Amy Clark
150ppm,Michelle Roberts
winner,Dr. Cynthia Ware
specially,Crystal Mitchell
4*,Brian Silva
holiday,Max Wright
(flights,Justin Henry
inc),Isaac Murillo
speak,Marcus Lopez
live,David Gray
operator,Charles Wilson
0871277810910p/min,Kayla Lopez
(18+),Stephen Williams
PRIVATE!,Connie Martinez
2004,Larry Gonzalez
Account,Jason Phillips
Statement,Dana Reilly
07742676969,Brian Pugh
786,Michael Miller
unredeemed,Marissa Warner
Points.,Erin Salinas
08719180248,Mary Hawkins
Identifier,Caroline Kennedy
Code:,Joyce Arnold
45239,Laurie Cook
Expires,Troy Gordon
was,Cody Medina
£2000,Dylan Rogers
Caller,Patricia Johnson
5/9/03,Larry Russell
This,Lisa Davis
try,Theresa Hart
U!,Charles Berg
from,Nicole Knight MD
Landline,Willie Moyer
09064019788,Eric Cooper PhD
"BOX42WR29C,",David Wright
150PPM,Nicole Lamb
Todays,Pamela Spencer
Voda,Christine Vazquez
numbers,Anthony Munoz
ending,Andrew Garza
7548,Thomas Johnson
$350,Charles Watkins
award.,Joshua Schaefer
match,Anthony Baker
please,Christopher Atkins
08712300220,Dr. Terri Murray
quoting,Charles Hughes
4041,Anna Jones
standard,Jacob Garcia
rates,Michael Hudson
app,Keith Ortega
Sunshine,Jordan Carr
Quiz,James Palmer
Wkly,Scott Brown
Q!,Allen Hall
Win,Kelly Barry
top,Caroline Frost
Sony,Tiffany Mccormick
DVD,Eileen Reeves
player,Kevin Miller
if,Jason Martin MD
know,Gary Thompson
which,Charles Thomas
country,Charles Gill
Algarve,Jenna Perry
in?,Denise Mcdonald
ansr,Matthew Owens
82277.,Stephen Vargas
SP:Tyrone,Craig Lawson
Want,Gloria King
get,Mrs. Brandi Williams
laid,Troy Mann
tonight?,Cristian Crawford
real,Logan Ramirez
Dogging,Kaitlyn Mckinney
locations,Stephanie Hall
sent,Kevin Davis
direct,Deborah Stephens
mob?,Laurie Davis
Join,Lisa Tanner
UK's,Barbara Anderson
largest,David Williams
Network,Kathryn Choi
bt,Heather Parker
Txting,Linda Mckinney
GRAVEL,Brandy Graham
69888!,Andrew Smith
Nt.,Angel Keller
ec2a.,Christopher Schroeder
31p.msg@150p,Sandra Shaffer
You'll,Mary Mayo
any,Beth Reese
more,Linda Evans
msgs,Tiffany Bell
chat,Gerald Mcmahon
svc.,Ms. Carol Roberts
For,Joseph Lee
Hardcore,Brandi Burgess
services,Veronica James
GO,Daniel Rojas
to:,Matthew Adams
69988,Jenny Morgan
nothing,Andrew Garner
must,Lynn Thomas
Age,Elizabeth Fowler
Verify,Emily Alexander
yr,Andrew Singh
again,Rebecca Allen
Why,Rhonda Hinton
haven't,David Jacobs
replied,Chris Smith
my,Sheri Ramirez
text?,Elizabeth Mayo
I'm,Gina Lang
"Randy,",Brittany Grant
"sexy,",Melissa Allen
female,Vanessa Nelson
local.,Christopher Hernandez
Luv,Mariah Hernandez
u.,Sheryl Terry
Netcollex,Joshua Owens MD
Ltd,Robert Solomon
08700621170150p,Kevin Shepard
per,Brent Fisher
msg,Bryan White
Stop,Mary Perez
end,Carolyn Young
Customer,Kevin Dorsey
annoncement.,Brian Jenkins
Years,Alyssa Richards
07046744435,Chelsea Johnson
arrange,John Robinson
0871277810810,Dustin Maxwell
-PLS,Peter Porter
STOP,Meagan Williams
bootydelious,Susan Glenn
(32/F),Stephanie Garcia
inviting,Gerald Henry
her,Daniel White
friend.,Jennifer Richardson
YES-434,Amy Johnson
NO-434,Philip Gonzalez
See,Michael Garcia
her:,Samantha Vance
www.SMS.ac/u/bootydelious,Crystal Carter
STOP?,Michele Prince
Send,Jeremy Long
FRND,Dr. Donna Lozano
62468,Melissa Price
BangBabes,Charles Singh
Ur,Sarah Wagner
order,Amanda Andrews
way.,Brandon Dickson
SHOULD,Charles Sparks
Service,Christina Ryan
Msg,Joel Hensley
download,Jody Brown
content.,Susan Davidson
do,Frank Morrison
"not,",Margaret Hanson
GoTo,Jeffery Reese
wap.,David Chandler
bangb.,Stephen Harmon
tv,Amy Adams
internet/service,Nancy Cook
menu,Kimberly Conrad
09061701939.,Mr. Roberto Munoz
S89.,Caroline Lewis
only,Whitney Harrison
FREEPHONE,Derek Nunez
0808,Cody Murphy
145,Robert Henderson
4742,Sean Ho
9am-11pm,James Thompson
Are,Virginia Nash
unique,Thomas Holloway
enough?,Ryan May
Find,Brandon Schultz
out,Michael Ramirez
30th,Connor Schwartz
August.,Robert Fuller
www.areyouunique.co.uk,Sheila Gonzalez
500,Connie Wilson
Mobiles,Tara Choi
"2004,",Christopher Norris
MUST,Stephen Andrade
GO!,Crystal Jones
Txt:,Kathy Williamson
NOKIA,Gina Drake
89545,Nichole Wallace DDS
collect,Thomas Rivas
yours,Hannah Smith
today!From,Kenneth Parrish
ONLY,Rebecca Freeman
£1,Vernon Fuller
www.4-tc.biz,Shawn Harris
2optout,Jeffrey Bennett
087187262701.50gbp/mtmsg18,Jimmy Miller
Will,Laura Preston
meet,Mark Kim
dream,Corey Stewart
partner,Edward Lewis
soon?,Curtis Morris
Is,Matthew Zuniga
career,Deborah Davidson
off,Robert White
flyng,Adam Jones
start?,Robin Holloway
find,Zachary Brown
"free,",Rebecca Fletcher
HORO,Craig Martinez
followed,Catherine Harvey
star,Anita Wilson
"sign,",Donald Hopkins
e.,Larry Padilla
g.,Seth Mitchell
ARIES,John Cox
someone,Brianna Mitchell
sexy,Brenda Haynes
today.,Sarah Ruiz
can,Valerie Nguyen
date,Jaime Russell
even,Andre Edwards
flirt,Justin Jenkins
its,Keith Rivera
U.,Leslie King
just,Richard West
10p.,Joshua Miller
REPLY,Erica Smith
NAME,Lisa Stevens
AGE,Allison Meza
Sam,Jacob Smith
25.,Veronica Alvarez
18,Danielle Harper
-msg,Joseph Bailey
recd@thirtyeight,Christopher Vargas
pence,David Hess
447801259231,Michelle Williams
secret,Crystal Taylor
admirer,William Murray
who,Christina Wong
looking,Mathew Valdez
make,Brian Kelley
U-find,Jonathon Lyons
they,Nina Garcia
R*reveal,Tiffany Wilson
thinks,Brett Jones
so,Jamie Hood
special-call,Victoria Robinson
09058094597,Brandon Robbins
Congratulations,Jean Lewis
CD,Raymond Taylor
vouchers,Jeffrey Ellis
125gift,Bryan Sherman
MUSIC,Charlotte Jacobs
87066,Jacqueline Collins
TnCs,Michael Bonilla
www.Ldew.com1win150ppmx3age16,Timothy Nelson
offer,Brenda Smith
Video,Gloria Mitchell
Handset?,Amy Perez
750,Adriana Potts
anytime,Keith Bowers
networks,Michael Smith
mins?,Jeffrey Hodge
UNLIMITED,Heather Brady
TEXT?,Catherine Martin
Camcorder?,Lisa Kemp
NOW,Tracy Fitzgerald
really,Ethan King
horny,Casey Johnson
want,Yvonne French
see,Mr. Kelly Durham
me,Henry Webster Jr.
naked,Christopher Edwards
hot,William Evans
69698,Jennifer Baker
at,Christine Montgomery
150pm,John Lin
unsubscribe,Kathy Villanueva
stop,Amanda Williams
has,Vincent Smith
changed!,John Watson
25,Tracy Patterson
credits!,Diana Vaughn
Go,Alan Howard
club4mobiles.com,Joshua Clark
choose,Barry Ward
content,Aaron Edwards
Stop?,Megan Wilson
CLUB,Todd Buchanan
87070.,Joseph Medina
150p/wk,Ethan Avila
Club4,Steven Morgan
Box1146,James Obrien
MK45,Amanda Rivera
2WT,Matthew Knight
Club:,Jessica Walton
singles,Miranda Walker
chart,Julia Stewart
each,Kristin Fox
quality,Susan Garza
ringtone!,Louis Davis
charge.,Courtney Massey
HMV,Denise Martin
BONUS,Stephanie Gray
SPECIAL,Paul Martinez
genuine,Christine Shannon
won.,John Mullen
Just,Juan Phillips
answer,Kim Perez
easy,Jason Leach
questions.,Devin Lowe
Play,Daniel Perez
Now!,Tina Howard
86688,Lindsay Lane
More,Michelle Brown
info:www.100percent-real.com,Courtney Moran
T-Mobile,Melinda Benjamin
may,Michelle Moyer
CAMERA,Michael Jones
PHONE,Sarah Taylor
upgrade,Kimberly Rodgers
pay,Brett Smith
go,Stanley Robbins
sim,Adam Romero
card,Kimberly White
loyalty.,Danielle Stanley
0845,Juan Rodriguez
021,Tiffany Taylor
3680.Offer,Lisa Osborne
ends,Adam Young
28thFeb.T&C's,Kelly Weiss
Blind,April Turner
Date,Veronica Jackson
4U!:,Hannah Carroll
Rodds1,David Pena
21/m,Dana Roberts
"Aberdeen,",Angelica Shaw
United,Melissa Leach
Kingdom.,Jimmy Gibson
Check,Brenda Butler
Him,Barbara Nelson
http://img.,Megan Chen
sms.,Krystal Martin
ac/W/icmb3cktz8r7!-4,Nathan Wood
Dates,Melanie Smith
HIDE,Jeffery Rosales
TheMob>,Linda Ross DDS
newest,Brittney Patterson
selection,Lisa Martinez
"content,",James Anderson
"Games,",John Martin
"Tones,",Jessica Johnson
"Gossip,",William Weber
babes,Jacqueline Rosales
"sport,",Victoria Hale
Keep,Ian Thompson
fit,Matthew Cooper
funky,Crystal Townsend
82468,Shannon Young
Think,Jonathan Dunn
smart,Christopher Giles
£200,Eddie Leonard
this,Andrew Gibson
weekly,Kimberly French
"quiz,",Amber Villarreal
PLAY,Cynthia Sutton
85222,David Banks
now!T&Cs,Carlos Cameron
WinnersClub,Nicole Russell
BOX,Lisa Fuller
"84,",Alyssa Lopez
M26,Troy Salazar
3UZ.,Tracy Graham
16+.,Carlos Hopkins
GBP1.50/week,Patricia White
December,Randy Rodriguez
only!,James Guerrero
11mths+?,Shannon Fuentes
update,Robert Brandt
08002986906,Scott Olson
Germany,Debra Hester
minute!,Cody King
fixed,David Brown
line,Amanda Mcintyre
via,Joseph Lamb
access,Christopher Velez
number,Jennifer Sanchez
0844,Richard Davis
861,Jenna Mahoney DVM
85,Cynthia Cook
85.,Kristina Smith
No,Cassandra Rodgers
prepayment.,Douglas Miller
Direct,Jonathan Adams
access!,Eric Ray
Valentines,Deborah Butler
Day,Cameron Jackson
Special!,Shawn Manning
over,John Brown
quiz,Sheila Miller
take,Alan Smith
lifetime!,Linda Meyer
83600,Lori Harris
now.,Holly Morgan
150p/msg,Nicholas Johnson
rcvd.,Charles Thomas
CustCare:08718720201.,Mrs. Kathryn Casey PhD
Fancy,Sean Hernandez
shag?,Allen Fischer
do.Interested?,Nathan Garza
sextextuk.com,Robin Hughes
XXUK,Linda Hernandez
SUZY,Rachel Morgan
69876.,Vanessa Fuller
Txts,Kelsey Taylor
cost,Jared Ewing
1.50,Mary Christian
msg.,Latasha Oliver
website.,Michael Walton
cash-balance,Melody Lara
currently,Matthew Lynch
maximize,Steven Frank
cash-in,Jerry Calhoun
CASH,Jesus Clayton
150p/msg.,Craig Ashley
CC:,Justin York
08708800282,Jodi Patton
HG/Suite342/2Lands,Michael Smith
Row/W1J6HL,Clayton Fields
Update_Now,Taylor Hughes
Xmas,Elizabeth Morales
Offer!,Johnny Jones
Latest,Mrs. Jessica Reynolds
"Motorola,",Katie Jones
SonyEricsson,Jonathan Williams
Nokia,Mary Hickman
Bluetooth!,Robert Mcmillan
Double,Joshua Webb
Mins,Samuel Bates
1000,Ray Rodriguez
Orange.,Madison Carter
MobileUpd8,Mary Potts
08000839402,Jason Walton
call2optout/F4Q=,Carol Goodwin
Here,Frank Galvan
discount,Margaret Brown
RP176781.,Christopher Mills
further,Heather Cuevas
messages,Joshua Potts
stop.,Matthew Woodard
www.regalportfolio.co.uk.,Dean Williams
Services,Susan Hicks
08717205546,Jessica Jackson
"Order,",John Elliott
Reference,Karen Thomas
T91.,David Clark
GBP,Erica Welch
week.,Roger Howard
calling,James Shaw
09057039994,Karen Ortiz
mins,Laura Woodard
txts,Andrea Nichols
6months,Brad Montes
Bluetooth,Aaron Williams
Available,Julie Martinez
"Sony,",Dr. Gary Snyder
Motorola,Victoria Green
phones.,Carla Hendrix
call2optout/N9DX,Christina White
4mths,Lauren Davis
half,Angelica Banks
price,Lindsay Jones
Orange,Elizabeth Reyes
rental,Alison Stewart
phones,Katherine Lopez
FREE.,Anthony Best
phone,Amber Martinez
11mths,Rebecca Mckinney
MobilesDirect,Dr. Kim Shaw
08000938767,Samuel Miller
or2stoptxt,Charles Ball
RINGTONE,Melanie Carter
FIRST,Frank Cline
87131,William Boone
poly,Ronald Carr
GET,Kelsey Casey
true,Ronald Jones
tone!,Terri Romero
Help?,Pamela King
2814032,Melissa Cox
after,Christopher Wells
1st,Paul Jimenez
tones,Michelle Ruiz
3x£150pw,Daniel Watkins
e£nd,Tiffany Ross
dating,Robert Collins
cal;l,Brenda Carter
09064012103,Tina Webb
box334sk38ch,Theresa Rodriguez
into,Ronald Wolfe
£250,Michael Stokes
competition,Jason Erickson
WIN,Elaine Padilla
80086,Hannah Cortez
NOW.,Crystal Carpenter
www.txttowin.co.uk,Kayla Crawford
logo,Shannon Carter
lover,Elizabeth Carlson
names,John Williams
joined,Kenneth Young
heart.,Charles Davis
LOVE,Dustin Riley
NAME1,Aaron Harper
NAME2,Brian Hensley
MOBNO,Bonnie Henry
ADAM,Micheal Wolf
EVE,Susan Wells
07123456789,Cynthia Hays
Yahoo!,Jordan Fuller
POBox36504W45WQ,Judith Gonzalez
TxtNO,Maria Chavez
ads,Denise Pierce
150p,Lindsey Winters
Someone,Ricardo Velasquez
contacted,Nicholas Morgan
entered,Nancy Anderson
because,Cynthia Chandler
fancy,John Macdonald
you!,Stephanie Montgomery
landline,John Davis
09111032124,Devin Mendoza
PoBox12n146tf150p,Danny Green
09058094455,Samantha Briggs
land,Brent Spencer
line.,Carolyn Washington
3030.,James Caldwell
3650,Mark Horn
video,Virginia Murphy
09066382422,Lori Miles
Calls,Jeffrey Phillips
Ave,Kyle Jackson
3mins,Amanda Dunn
vary,Angela Allen
Close,Terri Maxwell
300603,Jason Gonzalez
post,John Contreras
BCM4284,Wesley Garza
Ldn,Kayla Smith
WC1N3XX,David Suarez
Loan,Angela Peterson
purpose,Jason Hernandez
£500,Christina Bishop
"£75,000.",Sarah Gregory
Homeowners,Holly Pope
Tenants,Jerry Bailey
welcome.,Mark Mcbride
Have,Jamie Bell
previously,Joshua Stevens
refused?,Rebecca Montgomery
still,Paul Webb
help.,Caleb Moore
1956669,Laura James
back,Karen English
'help',Wendy Gordon
UpgrdCentre,Taylor Navarro
0207,Donna White
153,Charles Bailey
9153.,Tammy Hood
Offer,Katherine Brady
26th,Austin Malone
July.,Jeffrey Cook
T&C's,Matthew Gonzalez
apply.,Kimberly Harris
Opt-out,Meghan Anderson
available,Alexandria Harris
okmail:,Matthew Miller
Dear,Tammy Stewart
Dave,Michael Smith
notice,Sean Williams
Tenerife,Levi Wood
Holiday,Brad Figueroa
#5000,Omar Ellis
award!,Angela Murphy
09061743806,Gregory Williams
landline.,Mr. Eric Rose
TCs,Steven Phillips
SAE,Madison Baker
Box326,Paul Sweeney
CW25WX,Robert Gates
Mob?,Jacob Hammond
txting,Jessica Stewart
MOAN,Emily Herrera
69888Nyt.,Stacy Castillo
MESSAGE,Jeffrey Wood
Activate,Edward Cantrell
Messages,Angel Clark
terms,Sean Wright
"conditions,",Erin Harris
visit,James Daniels
www.07781482378.com,Gloria Holmes
+123,Corey Frazier
£1450,Debbie Bauer
09050002311,Jessica Dennis
b4280703.,Dr. James Snow DDS
T&Cs/stop,Kevin Lopez DVM
SMS,Kathryn Martinez
08718727868.,Kristin Rodriguez
Over,Mary Ryan
"Phone,",Samuel Bass
40GB,Eric Hampton
iPod,Samuel Solomon
MP3,Charlotte Walker
COLLECT,Eugene Haynes
83355!,Amanda Torres
IBHltd,Shannon Wells
LdnW15H,Derrick Murray
150p/Mtmsgrcvd18+,Amanda Montgomery
Boltblue,Juan Moss
POLY#,Diana May
MONO#,Mrs. Marie Murphy
POLY3,Phillip Heath
1.,Steven Gross
Cha,Dana Ayala
Slide,Karen Smith
2.,David Bryant
Yeah,James Wilkinson
3.,Rachel Schmitt
Slow,Michael Hood
Jamz,Deborah Robinson
6.,Malik Hernandez
Toxic,Eric Williams
8.,Patricia Avery
Come,Erica Jackson
With,Christine Braun
Me,Jennifer Carr
MORE,Stephanie Ramirez
credits,Sarah Smith
topped,Michelle Brown
http://www.bubbletext.com,John Ortiz
renewal,Philip Rose
Pin,Donna Fisher
tgxxrz,Dana Phillips
URGENT!:,Jessica Zimmerman
"£2,000",Donald Marshall
02/09/03!,Heather Jones
2nd,Brittany Caldwell
attempt,Scott Baker
YOU!,Jared Jones
0871-872-9755,Lindsay Kelly
BOX95QU,Christina Rosario
Today's,Samantha Mcpherson
£150,Joy Glenn
worth,Christine Adkins
vouchers!,Michelle Gomez
85023,Wayne Arellano
"SavaMob,",Nicole Ware
member,Travis Gates
offers,David Smith
mobile!,Deborah Hopkins
Cs,Amanda Larson
08717898035.,Michael Jones
£3.00,Amy Nelson
Sub.,Cynthia Smith
Unsub,Joanna King
recieve,Jason Thomas
tone,Michael Barron
within,Michael Hunt
24hrs.,Mark Peck
Terms,Raven Miller
conditions,David Marquez
Channel,Jeffrey Miller MD
Teletext,Lisa Rodriguez
Pg,Kevin Mendoza
2003,Trevor Mason
07815296484,Andrew Harris
800,Diana Murray
un-redeemed,Julia Nguyen
S.I.M.,Anna Norris
points.,Paul Santiago
08718738001,Amanda Ford
41782,Randy Williams
18/11/04,Jackie Whitney
www.Applausestore.com,Amy Jones
MonthlySubscription@50p/msg,Roger Pitts
max6/month,Matthew Simon
T&CsC,Erica Watts
web,Abigail Bolton
age16,John Bruce
2stop,Mary Hurley
"?1,000",Matthew Hester
"?2,000",Randy Morrow
"claim,",William Jones
call09050000327,Charles Williams
"£5000,",Sarah Alexander
calls,Amy Smith
us,Rodney Cooper
ring,Kristy Mejia
claims,Mrs. Ashley Perez
09050005321.,Sharon Keller
150,Bonnie Frazier
textand,Christopher Lynch
08002988890,Donna Mcpherson
chance,Joe Butler
shopping,Sarah Wilson
spree,Alice Cooper
TXT:,Linda Ferguson
SHOP,Matthew Mitchell
80878.,Jesus Christian
T's&C's,Jason Kim
www.txt-2-shop.com,Kristen Howard
custcare,Teresa Martin
"08715705022,",Briana Johnson
1x150p/wk,Ryan Smith
2000,Brian Mcconnell
pound,Shawn Ross
08712402050,Lisa Edwards
BEFORE,April Robertson
lines,Michael Hess
close.,Patrick Brown MD
10ppm.,Jason Johnson
T&Cs,Charles Hurst
AG,Kelly Douglas
Promo,Megan Payne
07753741225,Jennifer Mckinney
S.,Rachel Porter
I.,Jamie Molina
M.,Shane Schneider
08715203677,Patricia Williams
42478,Charles Thomas
24/10/04,Julia Myers
an,Kimberly Freeman
important,Aaron White
announcement.,Tony Romero
542,Beth Lopez
0825,Kristen Williams
XCLUSIVE@CLUBSAISAI,Allison Kelly
2MOROW,Chelsea Allen
28/5,Nicole Mclaughlin
SOIREE,Jason Hernandez
SPECIALE,Timothy Massey
ZOUK,Anthony Coleman
WITH,Thomas Scott
NICHOLS,Michael Gentry
FROM,Brooke Jones
PARIS.FREE,Katherine Bishop
ROSES,Carrie Miller
ALL,Diane Franklin
LADIES,Jeffrey Flores
!!!,Bradley Reyes
info:,Erin Mcdonald
07946746291/07880867867,Nicholas Kelly
22,Michael Watson
days,John Clark
kick,Robert Harris
off!,Paul Finley
Euro2004,Linda Swanson
kept,Anne Lawson
news,Jason Shannon
results,Dr. Nicholas Fowler
daily.,Mary Ballard
removed,Kimberly Adams
TXT,James Watson
83222,Alexander Bell
TEXTBUDDY,Heidi Barnes
Chat,Kelly Johnson
guys,Vicki Haley
area,Kayla Taylor
25p,Catherine Simpson
Search,Brooke Jones
postcode,Kendra Ruiz
gaytextbuddy.com.,Lauren Medina
ONE,Steven Gill
name,Tracy Herman DDS
89693,Joseph Collins
Vodafone,Maria Cooper
4882,Jordan Lee
£350,Andrew Powell
matches,Deanna Wagner
09064019014,Jennifer Smith
Voucher,Ashley Lawrence
"Holder,",Teresa Price
weeks,Daniel Martinez
"offer,",Howard Patel
PC,Thomas Graham
http://www.e-tlp.co.uk/expressoffer,Victoria Smith
Ts&Cs,Matthew Freeman
apply.2,Spencer Bennett
texts,Mitchell Johnson
80062.,Gabriel Ruiz
08715203694,Jason Sanchez
40533,Robert Franklin
31/10/04,Mindy Aguilar
call09050000327.,Joshua Johnson
T&C:,Tom Pittman
"RSTM,",Michelle Murphy
SW7,Ronald Johnson
3SS.,Samuel Middleton
88800,Janet Garcia
89034,Jennifer Goodman
premium,Jasmine Smith
08718711108,Matthew Hudson
sun0819,Zachary Hernandez
posts,Joseph Walker
"HELLO:""You",Casey Phillips
seem,Edward Wiggins
"cool,",Kirsten Marshall
wanted,Sharon Cruz
say,Keith Alexander
hi.,Jennifer Snow
"HI!!!""",Brittney Crawford
NOW!,Jason Raymond
TONE.,Hailey Foster
Gr8,Jessica Ramsey
TOP,Kimberly Campbell
20,Justin Waller
every,Christina Fischer
wk,Roger Gilmore
opt,Justin Davis
08452810071,Daniel Payne
Hi,Jennifer Thomas
sue.,John King
years,Stephanie Greene
old,Courtney Lee
work,Jessica Avila
lapdancer.,Natalie Ramirez
love,Paul Cherry
sex.,Kimberly Brown
bedroom,Jamie Martinez
SUE,Emily Li
89555.,Marie Jones
By,Jessica Gonzales
TextOperator,Mary Keith
G2,Jessica Friedman
1DA,Tiffany Mclaughlin
150ppmsg,William Cannon
18+,Jamie Brown
<Forwarded,Gary Barton
448712404000>Please,Donna Davis
CALL,Susan Barnes
08712404000,Nicholas Jackson
immediately,Brittany Potter
urgent,George Evans
KEEP,Andrew Baker
fantastic,Alicia Young
N-Gage,Matthew Andrews
game,Allison Freeman
deck,Joseph Wells
Club,Penny Marks
"Nokia,",Kristen Smith
www.cnupdates.com/newsletter.,Justin Edwards
alerts,Autumn Vaughan
OUT,Jose Holmes
08714712388,Seth Harper
10am-7pm,Jason Walker
10p,Kenneth Patterson
+449071512431,Yolanda Poole
U!U,Angela Rios
£1250,Robert Harper
09071512433,Amanda Lawrence
b4,Amy Brown
050703,Leonard Barnes
T&CsBCM4235WC1N3XX.,Samantha Brown
callcost,Kendra Cordova
mobilesvary.,Danielle Skinner
max£7.,Louis Johnson
50,Daniel Valencia
prize.,Erin Poole
08714712394,Casey Ford
Email,Brandon Boyle
AlertFrom:,Cynthia Arnold
Jeri,Michelle Pierce
StewartSize:,Robert Mason
2KBSubject:,Jonathan Burton
Low-cost,David Fernandez DDS
prescripiton,Andrea King
drvgsTo,Jennifer Crawford
listen,Raymond Warren
email,Stephen Nelson
123,Eric Bush
Hi.,Taylor Phillips
Loyalty,Heather Richardson
Offer:The,Joy Brown
NEW,Hayley Hopkins
Nokia6650,Terri Castillo
£10,Joshua Smith
TXTAUCTION!,Thomas Obrien
START,Bobby Alexander
81151,Jordan Hardin
4T&Ctxt,Jennifer Maldonado
TC,Brett Nguyen
150p/MTmsg,Dylan Hamilton
subscribed,Tiffany Martin
best,Charles Smith
Content,Angel Lopez
£3,Erin Hughes
10,Michael Prince
until,Christopher Smith
82324.,Leslie Myers
Helpline,Matthew Cross
08706091795,Andrew Harding
Do,Kaitlyn Daniel
realize,Erin Lowe
40,Jessica Adams
"years,",Melanie Wilson
we'll,Jennifer Blackwell
thousands,Gary Anderson
ladies,Danielle White
running,Joseph Reed
around,Joshua Guerrero
tattoos?,Kenneth Butler
announcement,Kristen Baker
PREMIER.,Lisa Long
Romantic,Benjamin Ruiz
Paris.,Michael Garrett
"nights,",Yesenia Torres
flights,Jacqueline Todd
£79,Kenneth Keller
Book,Mark Lewis
year.,Margaret Barker
08704439680Ts&Cs,Michael Young
award,Christopher Cain
unclaimed!,Catherine Harris
09066368327,Vickie Pope
closingdate04/09/02,Danny King
claimcode,Cory Liu
M39M51,Randy Jones
£1.50pmmorefrommobile2Bremoved-MobyPOBox734LS27YF,Valerie Cordova
City,Arthur Young
Break,Maria Hernandez
could,Brittany Mcclain
Summer,Christopher Daniel
Shopping,Cathy Schultz
WK.,Dr. Natalie Jones DDS
STORE,Catherine Jones
88039,Peggy Black
SkilGme.,Jeremiah Turner
TsCs087147403231Winawk!Age16,Lisa Schaefer
£1.50perWKsub,Maria Ortiz
0578,Jessica Gutierrez
Ever,Kimberly Morales
thought,William Ray
living,Kelly Werner
good,Dana Herrera
life,Felicia Munoz
perfect,Mark Hendrix
partner?,Stacy Cooper
join,Nicole Lee
community.,Samuel Johnson
(100p/SMS),Kyle Alexander
Top,Nicole Sheppard
Polyphonic,Dr. Mark Galvan
Tones,Michelle Martin
"087018728737,",Eric Taylor
National,Stephanie Reed
Rate.,Emily Jones
toppoly,Jamie Williams
tune,Joshua Rivera
"week,",Raymond Cross
SUBPOLY,Sarah Gonzales DVM
"81618,",Victoria Jackson
pole.,Kyle Rangel
UnSub,Kenneth Wall
08718727870.,Dr. James Cordova Jr.
9996.,Philip Carson
14thMarch.,Julie Jones
availa,Tara Carrillo
Chance!,Bridget Villegas
today!,Shannon Johnson
SavaMob,Brittany Reyes
"POBOX84,",Taylor Mccullough
M263UZ.,Christina Barker
week!,Ryan Rios
No1,Nicole Stuart
8077,Benjamin Vega
tell,Jill Jackson
mates.,Ernest Gentry DVM
www.getzed.co.uk,Chelsea Schmidt
POBox,Dalton Watson
36504,Kevin Christian
W45WQ,Lisa Rangel
norm150p/tone,Calvin Phillips
cashto,John Thompson
08000407165,Jacob Lewis
getstop,Peter Krueger
88222,Jerry Lawrence
PHP.,James Smith
RG21,John Moore
4JX,Dominique Lewis
either,Maria Flores
gift,Cynthia Goodwin
£100,Lindsay Williams
were,Kim Martin
outbid,John Mcgee
simonwatson5120,Ruben Singleton
Shinco,Eric Harris
Plyr.,Krista Mccann
bid,Jackie Barrett
"again,",Haley Martin
ac/smsrewards,Matthew Summers
"notifications,",Katherine Montgomery
SMSSERVICES.,Patricia Johnson
yourinclusive,Christopher Wilson
"credits,",Michael Wiley
pls,Mary Barr
goto,Molly Wright
www.comuk.net,Michael Blackwell
login=,Eric Davenport
3qxj9,Daniel Parker
"STOP,",Drew Taylor
extra,Leslie Richmond
help,Amy Dominguez
08702840625.COMUK.,Christopher Lewis
220-CM2,Robert Wood
9AE,Kevin Richardson
alfie,Dylan Mendez
Moon's,Bryan Taylor
Children,James Parker
need,Kristen Vasquez
song,Rebecca Vasquez
mob.,Joshua Scott
Tell,Andrew Ramirez
m8s.,Alicia Lewis
Tone,Michelle Humphrey
charity,Sean Price
8007,Jamie Sanchez
Nokias,Leslie Williams
Poly,Nicole Pearson
polys:,Christopher Pierce
zed,Jocelyn Gardner
08701417012,Holly Ray
profit,Michael Fields
charity.,Anthony Townsend
admirer.,Natasha Stephens
REVEAL,Laura Lowe
So,Bailey Gilmore
special.,Lori Richardson
09065174042.,Glenda Gonzales
STOP.,John Barrett
recd.,Vincent Martin
Cust,Matthew Zimmerman
care,Amy Hernandez
07821230901,John Jones
"texts,",Mark Hayes
80062,Emily Roberts
VIDEO,Lance Ross
five,Patricia Anderson
08002888812,Haley Nichols
Phone,Valerie Carroll
HALF,Michael Walker
PRICE,Alexis Walsh
Rental,Kyle Mitchell
camcorder,Katherine Chen
Wed,Nathan Webb
vouchers-Text,Corey Williams
now!SavaMob-member,Timothy Rodriguez
Remove,Antonio Rodgers IV
Urgent!,Jane Hansen
09066350750,Jason Donovan
Ibiza,Joe Singh
"10,000",John Duncan
await,Stephen Mendoza
collection,Hannah Macias
434,Caitlyn Hutchinson
SK3,Heather Garcia
8WP,Terry Pittman
ppm,Julia Shepherd
Talk,Chelsea Jennings
sexy!!,Wayne Jimenez
Make,Lori Mitchell
friends,Dominique Thompson
fall,Kevin Flynn
worlds,Adrian Baird
most,Peter Young
discreet,Cassandra Allison
service.,Robert Vasquez
VIP,David Lopez
83110,Peter Ortiz
meet.,Patricia Payne
yrs,Wanda Hess
supply,Elizabeth Hodges
CDs,Donald Ross
Virgin,Lisa Singleton
Records,Shawn Ward
Mystery,Maurice Roberts
Gift,Kathleen Williams
GUARANTEED,Ryan Walters
09061104283,Carla Young
www.smsco.net,Robert Fuentes
£1.50pm,Michael Cook
approx,Nathan Greene
07808,Mrs. Donna Hanson DVM
XXXXXX,Eric Foley
08719899217,Judith Fisher
41685,Randy Moore
07/11/04,Jerry Young
Hello.,Michele Haynes
posh,Lori Moreno
birds,Brian Allen
chaps,Brian Daniels
user,Leslie Castro
trial,Michelle Chang
prods,Keith Green
champneys.,Wanda Carter
Can,Michael Morris
put,Michael Perez
down?,Sharon Morgan
address,James Campbell
dob,Joseph Boyd
asap.,Traci Walsh
Ta,Larry White
What,Juan Cole
Xmas?,Ryan Mitchell
How,Mary Green
rental?,Diane Miller MD
0721072,Kimberly Nelson
more!,Connie Neal
Shop,Kaitlyn Davis
till,Amy Rush
"Drop,",Rhonda Dominguez
IS,Benjamin Jackson
IT,Sharon Fletcher
"YOU,",Tyler May Jr.
"10K,",Anita Flores
"5K,",Adriana Moreno
Cash,Jessica Wilson
Travel,Brian Marquez
"voucher,",Joseph Pearson
"now,",Robert Hatfield
09064011000.,Dominic Martin
NTT,Heather Calderon
CR01327BT,Angela Griffin
fixedline,Cory Nicholson
Liverpool,Patricia Glover
played,Jill Carrillo
mid,Katrina Bates
week?,Philip Shaw
09058094565,Nicole Miles
Secret,Laura Rivas
Admirer,Richard Farmer
09065171142-stopsms-08,Bruce Stewart
Reminder:,Patrick Joseph MD
downloaded,David Hughes
already,Ana Johnson
paid,Paul Lopez
for.,Rebecca Dennis
Goto,Jessica Murray
http://doit.,Jennifer Brown
mymoby.,Mark Cox
tv/,Jeffrey Jensen
lastest,Kimberly Allen
"Stereophonics,",Rhonda Perkins
"Marley,",Carlos Barnett
Dizzee,Thomas Christian
"Racal,",Christina Lowery
Libertines,Jennifer Scott
Strokes!,Steven Adams
Nookii,Dylan Beck
games,Erik Chang
Flirt!!,Scott Davis
Click,Christina Robinson
TheMob,Susan Padilla
Bookmark,Brad Wood
January,Colton Bishop
Male,Kelly Russell
Sale!,Jean Dickson
Hot,Robin Williams
Gay,Kenneth Casey
"cheaper,",Cory Hill
08709222922.,Mrs. Sarah Wilkins MD
rate,Tammy Clark
1.5p/min,Kimberly Anderson
cheap,Monica Ross
7.8p/min,Sarah Wright
peak!,Paul Walters
08712460324,Nathan Reed
(10p/min),Shannon Tran
money!!!,Jonathan Jimenez
lucky,Daniel Williams
money,Christie Acevedo
88600,Joshua Thomas
£1million,Joe Barton
give,Douglas Baker
away,Anne Williams
ppt150x3+normal,Dana Johnson
box403,Shane Cooper
w1t1jy,Sara Hendricks
Matthew,Ronnie Mitchell
09063440451,Edwin Smith
"landline,",Jamie Allen
4*Lux,Jeffrey Collins
collection.,Annette Burns
ppm150,Taylor Green MD
Box334,Timothy Davis
SK38XH.,Robert Graves
09061749602,Eric Page
Landline.,Katherine Suarez
"£10,000",Fred Reed
528,Anthony Parks
HP20,Robert Jackson
1YF,Ashley Fisher
getting,Allison Griffin
touch,Thomas Mccall
folks,Daniel Flynn
company?,Timothy Logan
in!,Jimmy Taylor
Enjoy,Vanessa Lopez
community,Michelle Brandt
(150p/SMS),Matthew Lynch
08718720201,Lauren Olson
114/14,Laura Green
TCR/W1,Heather Hogan
Filthy,Thomas Powell
stories,Julia Morales
GIRLS,Robert Diaz
£800,Erin Williams
09050001808,George Williams
M95.,Mary Thompson
Valid12hrs,Aaron Taylor
3G,Nancy Russell
Videophones,April Stewart
09063458130,Brian Bean
videochat,Andrea Stewart
wid,Christina Bryant
"mates,",Michael Wolf
java,Joshua Sullivan
"games,",Kristopher Rhodes
Dload,Michael Hernandez
polyPH,Matthew Walker
"music,",Holly Edwards
noline,Julie Morales
rentl.,Dana Flores
Panasonic,Christine Smith
BluetoothHdset,David Zamora
DoubleMins,Jeanette Glenn
DoubleTxt,Ryan Jones
contract.,Melissa Bauer
mob,Christopher Tran
mates,Austin Harris DVM
Guess,Jared Humphrey
what!,Elizabeth Jacobson
Somebody,Danielle Mccall
secretly,Linda Lozano
fancies,Dwayne Keith
Wanna,Glenda Barnett
is?,Derrick Scott
Give,Debra Hernandez
09065394514,Joel Smith
DATEBox1282EssexCM61XN,Amanda Garcia
150p/min,Connor Hopkins
09058097218,Denise Perez
who.,Robert Vaughn
"6,",Stephanie Kelly
LS15HB,Luis Whitney
1000's,Pamela Shelton
flirting,Joseph Ray
GIRL,Elizabeth Becker
BLOKE,Bridget White
"AGE,",Logan Burke
ZOE,David Mccoy
chatting!,Henry Atkins
kickoff!,Donna Stewart
informed,George Moore
Unsubscribe,James Callahan
EURO,Kevin English
83222.,Jeffrey Newman
EASTENDERS,Christy Taylor
TV,Luis Wright
Quiz.,Tricia Powell
FLOWER,Virginia Smith
does,Danielle Krueger
DOT,Ryan Garcia
compare,Kelly Williams
herself,Christopher Cook
to?,Heather Moses
D=,Ralph Rodriguez
VIOLET,William Gay
E=,Andrea Day
TULIP,Scott Rodriguez
F=,Paul Williams
LILY,Jeremy Gonzalez
84025,Paige Williams
WKENT/150P16+,Kenneth Montgomery
local,Jody Johnson
dates,Jonathan Smith
Lots,Stephanie Palmer
people,Mary Riley
registered,Robert Davies
YOUR,Daniel Cummings
AREA.,Brittany Aguirre
DATE,Harold Thompson
start,Ashley Robinson
www.flirtparty.us,Ruben Clark
REPLYS150,Andrea Hernandez
asked,Melissa Vaughn
Cant,Mary Myers
who?,Justin Griffin
09058091854,Melissa Vasquez
revealed.,Manuel Rios
BOX385,Virginia Lynch
M6,Michaela Watkins
6WU,Curtis Terry
09050003091,Mary Pitts
C52.,Elijah Thomas
U've,Jordan Wallace
invited,Cody Vance
XCHAT.,Todd Richardson
u!,Zachary Barrera
CHAT,Nicholas Stanley
SiPix,Briana Carroll
Digital,Alexander Moss
Camera!,John Allison
09061221061,Phillip Douglas
Delivery,Jared Johnson
28days.,Karen Martin
Box177.,Andrew Mendez
M221BP.,Jessica Duncan
2yr,Andrew Bates
warranty.,Heather Hudson
150ppm.,Michael Jones
p£3.99,Sara Bowen
09061790121,Shelby Cruz DVM
3030,Sarah Gardner DDS
valid,Paul Jones
Subscriber,Nancy Nunez
voucher,Shannon Benson
receipt,Paul White
correct,Jennifer Pearson
ans.,David Boone
When,Jonathan Fry
Elvis,Timothy Rowe
Presleys,Matthew Douglas
Birthday?,Amy Tanner
Message,Melissa Wilkins
Important,Scott Brown
information,Kristine Jones
O2,Tina Mitchell
user.,Melissa Young
Today,Paul Hayes
day!,Lindsay Wilson
why,Kelsey Davis
log,Donna York
onto,Emily Warren
http://www.urawinner.com,James Hunt
surprise,Denise Davis
awaiting,Lawrence Thompson
449050000301,Stephen Martinez
price!,Jennifer Mitchell
09050000301.,Joel Vaughn
Bored,Ms. Dana Martin PhD
speed,Pamela Gray
dating?,Hannah Jones
Try,Nicholas Wright
"SPEEDCHAT,",Teresa Webb
SPEEDCHAT,Laura Rodriguez
"80155,",Jimmy Lee
don't,Kathryn Cruz
em,Kevin Anderson
SWAP,Vernon Copeland
chatter!,Luke Mcbride
Chat80155,Robert Dennis
rcd,Holly Hill
08000776320,Linda Dixon
Tomorrow,Jacob Washington
taking,James Charles
part,Anthony White
survey,Justin Williams
yesterday!,Kelly Edwards
however,Joshua Gordon
wish.,Judith Bautista
80160,Sarah Walters
www.txt43.com,Christina Salinas
1.50p,Kenneth Conley
HMV1,Kyle Gonzales
forget,Greg Malone
place,Clinton Hill
many,Jodi Allen
Requests,Maureen Waters
1stchoice.co.uk,Clinton Robinson
Information,Thomas House
08707808226.,Alexander Tran
me.,Harry King
let's,Alison Anderson
other!,Richard Jackson
Only,Raymond Ellis
150p/Msg,Angela Cortez
HG/Suite342/2Lands/Row/W1J6HL,Sean Vega
LDN.,Tracy Carr
over.,Jordan Daniel
Thank,David Todd
"you,",Alyssa Copeland
notified,Benjamin Ware
Good,Joshua Bennett
Luck!,Matthew Walker
future,Wendy Martinez
marketing,Donna House
84122,Keith Hernandez
08450542832,Teresa Bowman
girls,Joseph Duran
virgins,David Miller
ready,Anthony Booker
4fil,Robert Simmons
sexual,Angie Burgess
need.,Carrie Chavez
theirs?,Katherine Black
CUTE,Pamela West
69911(£1.50p.,Ronnie Johnson
m),Sierra Martinez
Got,Dawn Reed
what,Stacey Cabrera
takes,Dylan Moore
WRC,Robert Johnston
Rally,Michael Wright
Oz?,Thomas Gibson
Lucozade,Willie Green
Energy!,Jose Davis
RALLY,Billy Wolf
LE,Michael Lambert
61200,Brianna Love
"(25p),",Jason Chapman
packs,Bobby Hayes
lucozade.co.uk/wrc,Leslie Miller
itcould,Chase Pratt
Sex,Emily Greene
pic,Brian Turner
Jordan!,Travis Smith
BABE,Charlotte Parker
88600.,Robert Walsh
Then,Angela Baker
celeb!,Jorge Moreno
PocketBabe.co.uk,Jacqueline Scott
pics.,Megan Williams
£3/wk,Brian Clark
087016248,Ashley Randall
voicemail.,Andrew Jones
08719181503,Mr. Joel Rodgers
store,Debbie Price
choice,Nicole Hunt
enter,Eric Carson
Weekly,Andrew Winters
www.Ldew.com.subs16+1win150ppmx3,Henry Rodriguez
SIM,Terri Davis
"subscriber,",Brenda Robinson
Bonus!,Kimberly King
delivered,John Franco
"door,",Madison Salinas
OK,Adam Garza
claim.,Kimberly Young
"150p/msg,",Maria Lester
EXP.,Nancy Mitchell
30Apr,John Murillo
08719181513.,Mallory Horton
NOK,Janice Price
87021.,Robert Hamilton
txtin,Joseph Golden
friends.,Brandon Carlson
150p/tone.,Lisa Smith
4info,Christopher Garcia
YOU,David Smith
WILL,Mr. Donald Tucker
RECEIVE,Katie Miller
BY,Natasha Romero
POST,Leslie Henderson
completely,Jessica Turner
accommodation,Leah Davis
various,Frank Smith
global,Thomas Taylor
www.phb1.com,Eric Haley
ph:08700435505150p,Lisa Le
ENTER,William Wilson
84128,Daniel Smith
www.textcomp.com,Judy Simpson
cust,Thomas Collins
08712405020.,Austin Anderson
08712402779,Melissa Brown
Hungry,Casey Smith
gay,Nicholas Palmer
feeling,Joseph Lindsey
hungry,Kimberly Jacobs
"it,",Michelle Dorsey
08718730555,Deborah Mills
10p/min.,Kelly Vaughn
NOW?,Stephanie Oconnell
wanna,Phillip Landry
set,Heidi Velasquez
09096102316,Carolyn Johnson
cum,David Baker
here,Melissa Rangel
2moro,Carrie Johnson
JANE,Albert Diaz
xx,Michael Golden
Calls£1/minmoremobsEMSPOBox45PO139WA,Heather Warner
operator.,Chad Schultz
free.,Jack Johnson
C's,Kaylee Finley
80488.biz,Phyllis Estrada
jamster,Keith Harris
videosound,Michael Davis
gold,Ronald Smith
club,Samantha Bowers
videosounds+2,Lawrence Fernandez
logos+musicnews!,Jeffrey Townsend
jamster.co.uk!,Pamela Schroeder
16+only,Ryan Wilson
call:,Brooke Beck
09701213186,Bryce Pope
Lions,Kimberly West
"tone,",Steven Burton
lionm,Jessica Bowen
mono,Lori Austin
lionp,Erin Long
poly.,Douglas Flores
"www.ringtones.co.uk,",James Rose DDS
original,John Hunter
best.,Terry Watson
3GBP,Kevin Jennings
“Harry,Jeffrey Myers
Potter,Kenneth Benton
Order,Joshua Wheeler
Phoenix,Ivan Farmer
(Book,Cody Williams
5),Leslie Jones
"HARRY,",Kevin Tyler
questions,Matthew Perez
first,Amy Fisher
among,Monique Morrow
readers!,John Lawson
balance,Andrew White
£500.,Theresa Barr
question,Michael Guerrero
is:,Erin Williams
Who,Michael Long
sang,Evelyn Hoover
'Uptown,Destiny Miller
Girl',Mary Martinez
80's,Christina Nguyen
ANSWER,Devin Nelson
83600.,Traci Fuller
luck!,Kelsey Brennan
FREE2DAY,Jeffrey Gutierrez
St,Ian Fox
George's,Samantha House
Jordan!Txt,Jesse Murray
PIC,Daniel Morris
89080,Terri Flowers
"out,",Andrew Graham DDS
then,Taylor Phillips
saucy,Curtis Rose
celeb!4,James Martinez
pics,Gabriel Owens
0870241182716,Nicole Carson
HOT,Kelly Nash
LIVE,Bonnie Meza
FANTASIES,Jennifer Hall
08707509020,Jamie Lee
20p,Dr. Carol Holmes
min,Angelica Duarte
"Ltd,",Michael Moon
1327,Catherine Martinez
Croydon,Christine Farmer
CR9,Alex Johnson
5WB,Jeremy Fletcher
0870..k,Robert Torres
Bears,Robyn Gonzales
Pic,Lauren Allen
"Nick,",Mrs. Adrienne Wright DVM
"Tom,",Sarah Sosa
Pete,Antonio Davis
...,Danny Harmon
Dick.,Daniel Potter
In,Alexis Ingram
"fact,",Anthony Raymond
types,Erika Anderson
photo,Alexis Montgomery
upload,Randy Jones
08718730666,Bradley Hicks
(10p/min).,Stephen Walters
TXTAUCTION,Lacey Jackson
1/2,Melissa Lee
Linerental,Christian Fuentes
mobiles.,Jeffery Vance
very,Cindy Wright
offers.,Michael Mitchell
call2optout/LF56,Pamela Delgado
"URGENT,",David Carrillo
IMPORTANT,James Stevenson
INFORMATION,Michael Proctor
FOR,Natalie Sheppard
USER.,Jennifer Ward
TODAY,Jean Cooper
LUCKY,Robert Costa
DAY!,Jeanette Lloyd
FIND,Jacob Beck
WHY,Eduardo Crosby
LOG,Savannah Nixon
ONTO,Anna Mcdonald
HTTP://WWW.URAWINNER.COM,Jennifer Velasquez
THERE,Diane Parsons
FANTASTIC,Lisa Mcgee
SURPRISE,Ronald Romero
AWAITING,Melissa Golden
150p/MsgrcvdHG/Suite342/2Lands/Row/W1J6HL,Mr. Tyler Mendez
LDN,Justin Bradley
www.Ldew.com,Michael Lewis
win150ppmx3age16,Carolyn Santana
sale,Patricia Dean
arsenal,Samantha Mccoy
dartboard.,Eddie Miles
condition,Harold Fritz
but,Mark Alvarado
doubles,Michael Matthews
trebles!,Andrew Norman
TEXTPOD,Heather Wells
wk.,Jacob Sanchez
POD,Christopher Mcmahon
www.textpod.net,James Medina
optin,Jason Strong
subscriber,Derek Hill
ans,Danielle Andrews
Whats,Zachary Robinson
BBC,Kristi Kennedy
charts,Diane Huerta
Summers,Antonio Lewis
finally,Melinda Parsons
here!,Jane Hart
area?,Mr. Max Murphy
MATCHED,Stephen Mcdowell
SUMMER,Elizabeth Drake
Join.,Matthew Rowe
OptOut,Mckenzie James
Help08714742804,Garrett Carpenter
CLAIRE,Donald Velez
havin,Megan Martinez DVM
borin,Jennifer Mcknight
time,Crystal Rice
alone,Timothy Sanchez
2nite?,Taylor Wilkinson
09099725823,James Cunningham
hope,Donald Morse
Bought,Katelyn Kelley
one,Ronald Little
costing,Crystal Miller
offering,Elizabeth Taylor
09066362231,Tonya Sawyer
07xxxxxxxxx,Nicole Hickman
bonus,Gerald Mata
caller,Zachary Gates
02/06/03!,Matthew Hopkins
reach,Amy Kane
ASAP!,Andrew Hardin
07801543489,Erica Beltran
latests,Darlene Rogers
word:COLLECT,Kathryn Powell MD
No:83355!,Tina Wilson
TC-LLC,David Clayton
NY-USA,Scott Spencer
150p/Mt,Chelsea Hayes
msgrcvd18+,Ashley Hurley
LUCY,Amanda Sanders
Hubby,Mike Simmons
meetins,Jeremy Larsen
day,Christopher Williams
Fri,Jacob Cook
hotel,Dr. Timothy Lewis
cumin,Crystal Roberts
over?,Anthony Jimenez
Pls,Nancy Thomas
leave,Marcia Richardson
2day,Alyssa Barrett
09099726395,Lisa Barry
Lucy,Nicole Hubbard
Calls£1/minMobsmoreLKPOBOX177HP51FL,Christina Williams
account,Jessica Blake
credited,Sara Delacruz
Messages.,Krystal Smith
"activate,",Amanda Jones
CREDIT,Kim Huynh
80488,John Smith
www.80488.biz,Michael Nolan
JSco:,Marcus Figueroa
Energy,Debra Harris
"high,",Miranda Pena
where,Terry Davenport
2channel,Amanda Martin
it.,Evan Benson
leadership,Amy Knapp
skills,Stephanie Meyer
strong.,Thomas Garcia
Psychic?,Alexis Lewis
ANS,Jeffrey Gibson
w/question.,Kyle Garrett
JSCO,Mitchell Farmer
0870,Mrs. Vanessa Bradford PhD
Vote.,Thomas Mcdowell
Now,Barry Ortiz
sing,Amy Ross
along,Connie Long
stars,Martin Horn
Karaoke,Lisa Lewis
mobile.,Frederick Booker
SING,Mark Adams
Our,Philip Pace
brand,Paul Patel
music,Christina Ramirez
live.,William King
arrive,Stephanie Mills
shortly.,Joshua Koch
install,Kevin Smith
browse,Shawn Ellis
artists.,Christina Gay
1/08/03!,Cory Smith
0871-4719-523,Rachael Roberson
BT,Theresa Campbell
Rate,Bryan Sullivan
7250i.,Maurice Wu
when,Joel Perez
auction.,John White
86021,Tonya Curtis
Row/W1JHL,Jared Jones
Hello,Manuel Mitchell
month's,Katie Gaines
plus,Kimberly West
"messages,",Willie Beck DDS
YES.,Mr. Steven Miller
apply:,Justin Humphrey
www.orange.co.uk/ow,Erik Brooks
CC,Cheryl Reid
AUCTION,Brandi Hamilton
BRAND,Stephanie Oneill
7250,Abigail Osborne
auction,Emily Simmons DDS
Auction,Brian Dominguez
part!,Daniel Gomez
08719899230,Kevin Williams
Registered,Brandon Kramer
olympics.,Michael Davis
RT-KIng,Amanda Brown
Pro,Daniel Miller
Club>>,Sandra Lee
Need,Kathy Smith
help?,Luis Rogers
info@ringtoneking.co.uk,Katrina Williamson
08701237397,Rose Graham
redeemable,Brandon Jarvis
www.ringtoneking.co.uk!,Melissa Bryan
Enjoy!,Pam Boyle
09058094599,Raven Howell
msgs.,Mary Lane
ok,Brian Young
credit,Mark Garcia
stay,Donna Macias
250,Gary Henry
British,Ms. Jennifer Gallegos MD
hotels,Jeremy Hale
NOTHING!,Jeffrey Flynn
Worth,Anna Russell
£350!,Amy Martin
"Claim,",Ann Dawson
London,Judith Camacho
02072069400.,Patricia Williams
Bx,David Everett
"526,",Robert Mcknight
SW73SS,Sarah Little
Eerie,Megan Ingram MD
"4u,",Jack Johnson
rply,Angie Gonzalez
TONE,Daniel Cochran
TITLE,Madison Davidson
DRACULA,Andrea Perez
Titles:,Scott Foley
"GHOST,",Lisa Jones
"ADDAMSFA,",Michael Ramos
"MUNSTERS,",Steven Ward
"EXORCIST,",Alicia Ruiz
TWILIGHT,Marc Ford
0A$NETWORKS,Susan Gonzalez
allow,Michael Burke
companies,Paul Crawford
bill,Tonya Murphy
"SMS,",Miss Leslie Lee
responsible,Judy Clark
their,Bryan Kramer
"""suppliers"",",Allison Rojas
shop,Melanie Guerrero
guarantee,Jerry Oliver
sell.,Kelly Brown
B.,David Johnson
G.,Taylor Ortiz
FreeMsg:Feelin,Hector Cummings
kinda,Lauren Jones
lnly,Thomas Lucero
keep,Abigail Hanson
company!,Micheal Harris
Jst,Douglas Gordon
got,Gregory Marsh
cam,John Flores
moby,Jenna Nelson
pic?Txt,Holly Flores
82242,Eric Suarez
Msg150p,Brianna Dorsey
2rcv,William Thompson II
Hlp,Valerie Baker
08712317606,Jeanne Ellis
ACTION,Catherine Coleman
80608.,Nicholas Malone
www.movietrivia.tv,Maria Mann
"08712405022,",Julia Morrow DVM
RGENT!,Ashley Scott
lookin,Andrew Cox
daytime,Stacey Mcgrath
wiv,Brendan Freeman
busty,Abigail Fleming
married,Kayla Cannon
woman,James Rojas
Am,Sandra Pham
sort,Gary Khan
09099726429,Billy Potter
JANINExx,Michele Walker
09050001295,Kathleen Sandoval MD
A21.,Lisa Conley
Monthly,James Thompson
mobsi.com,Megan Crawford
391784.,Alejandra Huff
Use,Melissa Allen
wap,Ricky Anderson
PC.,Monique Montgomery
todays,Shawn Watts
vodafone,Cheyenne Williams
0089(my,Erin Roberts
last,Jessica Tran
four,Benjamin Robertson
digits),Dylan Martinez
received,Kent Holland
09063442151,Logan Cisneros
-sub,Roberto Khan
ringtone-get,Julie Garcia
free-send,Caleb Johnson
81618-?3,Shannon Flynn
week-stop,Kathy White
sms-08718727870,Lonnie Williams
"Sorry,",Debra Trevino
ordered,Dr. Molly Coleman
81303,Jessica Palmer
sufficient,Justin Mendez
credit.,Michael Dominguez
Hard,Jo Rogers
121,Alan Harrington
60p/min.,Sarah Rocha
Choose,Spencer Ferguson
girl,Jessica Mcguire
connect,Jill Hicks
LIVE.,Jeremy Cannon
09094646899,Shannon Bradshaw
Cheap,Michelle Henderson
biggest,Daniel Cook
VU,Carl Pineda
BCM1896WC1N3XX,Cynthia Jordan
WOW!,Brian Rodriguez
Boys,Mark Lucas
Back.,James Ortiz
TAKE,Elizabeth Gomez
THAT,Sarah Walker
2007,Loretta Cruz
Tour.,Justin Scott
Tickets,Danielle Greene
pre-book,Anna Barker
Club.,Alexander Mayo
81303.,Michelle Davis
Trackmarque,Angela Ryan
info@vipclub4u.,Martin Mendoza
"Hi,",Jack Smith
Mandy,William Castro
Sullivan,Craig Grant
HOTMIX,Aaron Rowe
FM...you,Norman Cook
chosen,Marcus Malone
£5000.00,Peter Hall
Easter,Wendy Valentine
draw.....Please,Laura Bryant
telephone,Michael Camacho
09041940223,Anna Johnson
before,Andrea Brown
29/03/05,Michael Hansen
transferred,Daniel Mcclain
else....,Craig Williams
GOING,Kevin Miller DDS
BAHAMAS!,Amanda Galloway
CallFREEFONE,Amber Casey
08081560665,Jennifer Martinez
Bahamas,Benjamin Carey
cruise,Tara Ward
of£2000,Michele Monroe
18+only.,Derek Carroll
07786200117,James Ramirez
conacted,Heather Snow
you!To,Ryan Hutchinson
09111030116.,Joshua Jones
PoBox12n146tf15,Cheryl Romero
07734396839,Jessica Johnson
IBH,Charles Jones
Offer:,Rebecca Silva
NOKIA6600,Robert Graham
TXTAUCTION!Txt,Erin Zamora
word:START,Walter Lam
No:81151,Edward Liu
Yours,Dr. Chelsea Harding MD
Now!4T&,Ryan Cummings
Buy,Christina West
Space,Victoria Lopez
Invaders,Sarah Brooks
orig,Heidi Murphy
Arcade,Traci Silva
Game,Daniel Gilbert
console.,Barbara Martinez
Press,Albert White
Games,Taylor Williams
(std,John Taylor
charge),Melanie Miller
o2.co.uk/games,Leslie Williams
settings.,Lisa Moore
purchase,Shelley Peterson
BIG,Trevor Romero
BROTHER,Thomas Jones
ALERT!,Eric Park
computer,Nicholas Williams
10k,Vicki Williams
#150,Valerie Howard
voucher.,Kathryn Freeman
09064018838.,Brittany Cook
CRO1327,Casey Armstrong
WIN:,Emily Gutierrez
winner!,Nichole Young
Mr.,James Dawson
T.,Mr. Matthew Wilson
Foley,Amber Thompson
iPod!,Jose Nguyen
exciting,Kristy Oneal
prizes,Marisa Kelly
"soon,",Patrick Berg
eye,Christopher Beasley
www.win-82050.co.uk,Susan Green
1225,Mark Ingram
£50award.,Alyssa Travis DDS
3100,Alicia Myers
Hottest,James Harvey
straight,Lauren Macdonald
phone!!,Michael Olson
Wet,Sally Conner
"Wanting,",Elizabeth Schmidt
PICS,Joseph Jacobs
89555,Crystal Nichols
costs,Douglas James
textoperator,Samuel Matthews
g696ga,Melissa Miles
Hack,Amy Brown
Chat.,Stephanie Brock
backdoor,John Wright
rooms,Corey Bryant
fraction,Kelly Harrison MD
cost.,Madeline Arellano
NEO69,Devon Smith
"09050280520,",Danielle Alexander
subscribe,Samuel Smith
pm.,Carl Wells
"DPS,",Robert Miller
Bcm,Jerry Mcfarland
box,Lindsay Cummings
8027,Anthony Hughes
"Ldn,",Felicia Price
wc1n3xx,Raymond Rich
upto,Traci Hart
12mths,Melissa Ramos
1/2price,Amber Wilson
"linerental,",Jacob Dunlap
x-net,David Diaz
mins&100txt/mth,Edward Price
B'tooth*.,Kathy Ortega
Mobileupd8,Sarah Fox
08001950382,Judy Mcdonald
2optout/D3WV,Larry Ball
we,Laura Robbins
Pound,Taylor Becker
"easy,",Carl Ramirez
08718726970,Linda Reyes
min.,Michael Liu
BT-national-rate,Derek Young
prize.To,Jennifer Allen DVM
Would,Aaron Short Jr.
XXX,Jennifer Levy DVM
nearly,Michael Bowman
banned,Brian Hickman
uk!,Penny Andersen
09058094594,Emily Wolf
0776xxxxxxx,James Bullock
18yrs,Scott Haas
09061743811,Tammy Davis
ABTA,Thomas Carter
326,Melissa Blankenship
09090900040,Amanda Taylor
LISTEN,Joseph Brown
TO,Melissa Tran
EXTREME,Daniel Green
DIRTY,Stephanie Page
ON,Laurie Clark
IN,Richard Wyatt
THE,Shannon Fischer
OFFICE,Christina Garcia
RIGHT,Kelly Ho
TOTAL,John Ferguson
PRIVACY,Tara Mendoza
KNOWS,Brandon Adams
[sic],Colin Kelly
LISTENING,Amy Gardner
60P,Sabrina Lee
MIN,Andrea Contreras
24/7MP,Jessica Lee
0870753331018+,Joseph Kim
"U,",Rachel Stephens
these,Keith Nichols
video/pic,Hannah Smith
"fones,",Adam Curry
WILD,Ronnie Allen
ill,Daniel Gregory
"pics,",Erik Thomas
hurry,Charles Soto
Im,Mrs. Erin Duarte
bored,Gary Maldonado
xxx,Chris Wong
(18,Kenneth Boyer
150p/rcvd,Eric Faulkner PhD
STOP2stop),Maria Taylor
ipod.,Richard Baker
80182,Michele Tapia
rate),Hunter Leon
08452810073,Kevin Watson
details,Denise Pennington
89693.,Michael Hernandez
08715500022,Rodney Thomas
rpl,Tyler Hansen
cnl,Mr. Joseph Hopkins
08702490080,Robin Simpson
tells,Dr. Ryan Baker MD
09066358152,Ashley Townsend
personal,Alexander Rodriguez
prompts.,Mandy Hansen
Careful!,Jacob Gomez
VPOD,Karen Gordon
dogging,Steven Silva
09090204448,Scott Miller
minded,William Davidson
guys.,Leslie Christensen
yourself.,Jennifer Harris
There's,Michele Smith
evening.,Tiffany Lawson
A£1.50,John Reynolds
minAPN,James Christensen
LS278BB,Kevin Phillips
WELL,Jody Clark
DONE!,Julia Pineda
Costa,Mackenzie Williams
Del,Alexis Green
Sol,Jennifer Wilkerson
09050090044,Ryan Miller
toClaim.,Dustin Hunter
"SAE,",Maria Morrison
"TCs,",Zachary Foster
"POBox334,",Joy Davis
"Stockport,",Chris Nichols
"SK38xh,",Michelle Ramos
"Cost£1.50/pm,",Kevin Herrera
Max10mins,Hannah Obrien
09065394973,Kristen Mendoza
80488.,Austin Smith
31,Alexis Torres
PHP,Robert Drake
weekly!,Andrea Davis
Where,Yesenia Kirk
2006,Roy Hickman
FIFA,Sarah Williams
World,Sara Jacobs
held?,Roy Jackson
87239,Julie Yang
09061743810,Anthony Miller
Hope,Vincent Ellison
enjoyed,William Young
61610,Joseph Young
unsubscribe.,Cristian Tucker
help:08712400602450p,Kevin Dunlap
Provided,Lisa Moran
tones2you.co.uk,Adam Wilkins
TheMob>Yo,Andrea Alvarez
yo,Tonya Bell
yo-Here,Thomas Salas
downloads,Keith Pitts
members,Nicole Turner
open,Craig Johnson
fone...,Anthony Harris
Great,Brenda Hayes
News!,Kimberly Hughes
FREEFONE,Douglas Crawford
08006344447,Laura Reed
gift.,William Nunez
Speak,Deborah Caldwell
Music,Joe Vance
Vouchers,Patrick Carter
starting,Marcus Gibbs
DRAW,Paul Gonzalez
TsCs,Julie Black
www.ldew.com,Patrick Carter
"SkillGame,1Winaweek,",Jesus Parsons
age16.150ppermessSubscription,James Hall
09094100151,Robert Woods
mins!,Theodore Washington
cast,Sergio Jones
10p/min,Michael Anderson
(mob,Patrick Lucas
vary).,Mindy Macias
provided,Travis Brown
"AOM,",Cindy Gilbert
GBP5/month.,Jonathan Baker
AOM,Ricardo Cobb
"Box61,M60",Stephanie Quinn
1ER,Chad Velasquez
Ages,Mallory Walls
***********,Denise Hoover
09066362220,Jeremiah Ray
"BOX97N7QP,",Joseph Santiago
Sexy,Edward Davis MD
Singles,Jasmine Kim
GENDER,Laura Watts
wither,Julian Galloway
E.G.23F.,David Miller
men,Cynthia Daniels
e.g.23G.,Kristen Dyer
FreeMsg:,Terri Conner
messages-Text,Deanna Myers
now!Use,Matthew Kelly
web2mobile,Robin Bell
etc.,Debra David
Txt250.com,Zachary Harvey
1.50p/wk.,Maria Jackson
"BOX139,",Sarah Ward
LA32WU.,John Francis
txtX,Micheal Jones
85233,Vanessa Brooks
FREE>Ringtone!Reply,Mr. Steven Martinez
REAL,Christopher Patel
Well,Michael Jenkins
done,Virginia Smith
ENGLAND!,Amy Reese
official,Ernest Anderson
flag,Matthew Sanchez
yer,Edward Willis
FLAG,Marie Guerrero
84199,Joseph King
ENG,Micheal Snyder
Box39822,Dustin Fleming
W111WX,Eric Gonzalez
Final,Jesse Lam
Subs,Darren Pham
SERVICES.,Jeffery Oliver
inclusive,Michael Campbell
*****,Brenda Burns
help:08700469649.,Terri Berry
BOX420.,Victoria Davis
IP4,Zachary Bullock
5WE,Kimberly Hayes
087123002209am-7pm.,Janice Hall
Hols.,Amanda Barnes
med,Mark Richardson
stamped,Daniel Deleon
self,Jennifer Young
envelope,Angie Avila
Drinks,Jorge Perez
Us,Nathan Wall
"UK,",Adrian Collins
"113,",Jenna Hunt
"Bray,",Donald Sims
"Wicklow,",Barbara Rodriguez
Eire.,Joseph Gamble
Starts,Robert Gray
Saturday!,Selena Williams
www.Idew.com,Eric Jennings
"SkillGame,",Wayne Jordan PhD
"1Winaweek,",Steven Wiley
age16.,Jordan Martin
150ppermessSubscription,Alexander Lewis II
B4U,William Payne
w/c,Leslie Little
27/03,Timothy Middleton
MARSMS.,Latasha Scott
Log,Kevin Davis
www.B4Utele.com,Cassie Bennett DDS
08717168528,Jeremy Washington
Buffy.,Brian Rogers
satisfy,Benjamin Schmitt
men.,Elizabeth Wright
Home,Jack Peck
randy.,Brandi Stokes
PIX!,Andrew Marsh
QlynnBV,John Johnson
Help08700621170150p,Tracy Harris
linerental,Thomas Maynard
4.49/month,Raven Bentley
cross,Erica Hall
ntwk,Juan Lutz
mins.,Jon Mills
bundle,Ronald Simpson
deals,Larry Daniel
also,Vanessa Lopez
avble.,Kimberly Wright
call2optout/J,Christopher Everett
MF,Charles Black
URGENT!!,Eduardo Elliott
"s,",Julie Burns
08714712379,Tami Mccoy
"order,",Kara Delgado
ref,Tabitha Harvey
K718.,Joshua Elliott
£4.50.,William Gray
Should,Anthony Jackson
09065069120,Eduardo Weaver
ya,Stacy Fleming
babe,Michelle Young
4goten,Robert Castillo
bout,Kevin Boyd MD
me?',Kimberly Moore
scammers,Alexis Williams
smart..Though,Linda Salas DDS
regular,Brandon Taylor
"no,",Eric Murphy
respond,Roger Jordan
prem,Tina Mills
msg/subscription.,Mary Ruiz
Other,Wendy Boone
nos,Julie Graham
used,Zachary Dickson
also.,Amanda Peters
Beware!,Timothy Vargas
Back,Laurie Hughes
2morro,Angel May
term,Melissa Clark
over!,Stephen Small
2nite,Jaime Knox
passion,Rebecca Nelson
B4,Russell Chavez
back?,Ross Mcfarland
09099726481,Rachel Casey
DENA,Jane Butler
£1/minMobsmoreLKPOBOX177HP51FL,Hannah Nelson
R836.,John Davis
09065069154,Larry Sandoval
SplashMobile:,Alex Reed
1000s,Patrick Wong
gr8,Devin Watson
wk!,Carrie Matthews MD
subscrition,Paula Patterson
300p.,Kimberly Miller
ENJOY,Stephen Carpenter
Not,Rebecca Smith
heard,Jennifer Salazar
U4,Travis Bartlett
while.,Dr. Theodore Garcia
rude,Susan Goodman
private,Nicholas Roy
01223585334,Brian Cunningham
cum.,Sandra Ramirez
Wan,Melanie Pitts
2C,Douglas Mcbride
gettin,Richard Weber
shagged,Mary Mckee
PIX,Erica Ochoa
8552.,Jordan Dillon
2End,Tracy Baker
8552,Ryan May
SAM,Angela Drake
88877>FREE,Susan Carter
88877,Connie Galvan
88066,Michelle Moreno
LOST,Jorge Vargas MD
3POUND,Hannah Berry
HELP,Reginald Cook
Oranges,Ronald Gray
unlimited,Carolyn Owens
weekend,Vickie King
calls.,Paula Jones
Upd8,Rachel Carter
freefone,Juan Casey
2StopTx,Carolyn Anderson
message.,Krista Guzman
08718738034.,Michael Crawford
21870000>Hi,Taylor Sandoval
Mailbox,Vanessa Odonnell
Messaging,Colin West
alert.,Ronald Olson
messages.,Kimberly Rodriguez
21,Jeffrey Hall
matches.,Dennis Weaver
09056242159,Vicki Tran
retrieve,Leslie Burns
Moby,Ricky Burton
Pub,Frederick Sandoval
Quiz.Win,Alexandra Garrison
High,David Torres
Street,Deborah Cunningham
Duchess,William Barrett
Cornwall,Eric Reed
be?,Betty Scott
82277.unsub,Ernest Davenport
008704050406,Denise Smith
SP,Sandra Sawyer
Arrow,Annette Huffman
Congratulations!,Dawn Jones
friend,Jesse Stokes
08718726971,Kimberly Phillips
minute.,Kathleen Brown
BT-national-rate.,Louis Brown
tddnewsletter@emc1.co.uk,Joseph Parks
(More,Ariel Harrington
TheDailyDraw),Eric Wilson PhD
"Helen,",Audrey Harrison
Dozens,Francisco White
great,Justin Moon
prizesWith..,Brady Thompson
***************,Claudia Harrington
10/06/03!,Mary Weber
09066368753,Joanna Johnson
"97N7QP,",Melissa Delgado
B/Tooth,Jason Johnson
FREE-Nokia,Christine Weaver
or2optout/HV9D,Andrew Pollard
Download,Alexis Taylor
ringtones,Anita Carlson DDS
"restrictions,",Tyler Ibarra
choose.,Kristine Mullins
buddys.,Michelle Mcmillan
Sir,Antonio Rodgers
80082,Stephen Lopez
08712402902,Christopher Simpson
Spook,Michael Holmes
Halloween,Ronald Ferguson
eerie,Rebecca Hurst
CARD,Michael Brock
SPOOK,Madison Warren
08701417012150p,Stephanie Price
logo/pic,David Smith
Fantasy,Tara Torres
Football,Jennifer Gillespie
TV.,Christopher Jones
Sky,James Rhodes DVM
Gamestar,Dr. Gina Morrison
Active,Brian Spencer
£250k,Stephanie Faulkner
Dream,Theresa Williams
Team.,Sherri Stevenson
Scoring,Benjamin Johnson
starts,Taylor Melendez
"Saturday,",Christopher Reyes
register,Maria Bailey
now!SKY,James Simmons
OPT,Dr. Jermaine Martinez
88088,Johnathan Garcia
subs,Michael Baker
expired,Brandon Morrison
re-sub,Daniel Crawford
MONOC,Renee Williams
monos,Rebecca Carr
POLYC,Stephen Nelson
polys,Casey Alvarez
Stream,Jonathan Lee MD
0871212025016,Loretta Henson
XMAS,Jonathan Brown
draws!,Vicki Morgan
YES!,Melanie Moore
town,Mary Galloway
adult,Elizabeth Brooks
UK.,Cody Navarro
150p/Msg.,Richard Dillon
becausethey,Tracy Mack
09058098002.,Kristine Smith
"PoBox1,",Matthew Spencer PhD
W14RG,Mitchell Perez
Babe:,Russell Evans
baby!,Nicholas Smith
nasty,Nicole Johnson
thing,Aaron Stephenson
filthyguys.,Sharon Walters
bitch.,Larry Walker
slo,Melissa Johnson
hard!,John Page
SLO(4msgs),Seth Walker
SERVICES,Ashley Bell
gotto,Michael Martin
login,Veronica Stevens
charge,Ryan Herrera
08702840625,Angela Lopez
comuk.220cm2,Jennifer Pope
CustCare:08718720201,Kelly Moran
I?This,Abigail Gallagher
created,Crystal Murray
page,Martin Hayes
WWW.ASJESUS.COM,Cindy Rice
read,Joshua Wells
wrote.,Laura Wilson
opinions.,Claudia Simmons
1/1,Gabriel Moses
83370.,Brittany Gardner
www.music-trivia.net,Tonya Deleon
1x150p/wk.,Jeanne Stevens
Sppok,Anna Lopez
logo&pic,Brandi Wood
09066612661,Wendy Austin
complementary,Victoria Lewis
WA14,Daniel Jimenez
2PX,Jeanne Jenkins
Sender:,Charles Goodman
Hol,Leonard Ball II
WINNER!,Jennifer Gould
hvae,Elizabeth Garcia
09061701444.,Bruce Martin
24,Garrett Hicks
ACL03530150PM,Alexander Davis
6230,Miss Mary Duran
digital,James Bowers
camera.,Diana Estrada
83383,Patricia Flores
POBOX114/14TCR/W1,Claudia Nelson
Text82228>>,Victoria White
"ringtones,",William Butler
logos,Kyle Young
www.txt82228.com.,Willie Whitney
Questions:,Rachel Sullivan
info@txt82228.co.uk,Alexander Olson
FreeMSG,Sally Morris DDS
mini,Gina Gutierrez
DIGITAL,Amanda Brown
"CAMERA,",Charles Martinez PhD
SNAP,Kayla Flores
(quizclub,Scott Watkins
Opt,Margaret Pierce
out?,Samantha Nielsen
80122300p/wk,Cory Miller
SP:RWM,Crystal Mccall
Ph:08704050406),Jennifer Rodriguez
brought,Dr. Kenneth Grant
GMW,Craig Martinez
Ltd.,Chad Pratt
connected,James Powell
Congrats,Thomas Gomez
polypH,Vincent Alexander
bx420.,Jason Hoover
ip4.,Mrs. Elizabeth Medina
5we.,Patrick Warner
amazing,Jose Douglas
PICSFREE1,Brittany Acosta
enjoy!,Dana Andrews
vid,Richard Johnston
enough,Joanna Palmer
keyword,Alejandro Liu
video.,Chase Abbott
ten,Timothy Jones
83435.,Cory Beck
08706091795.,Victoria Wilson
TAROT,Gabriel Cervantes
TEXTS!,Douglas Lopez
TRY,Angela Fischer
CHANCE,Brandon Cooper
85555,Zachary Gonzales
After,Jeremy Wright
"Free,",Laura Pierce
Msgs,Jennifer Delgado
horniest,Gregg Meza
sex,Patricia Griffin
2nite!.,Joshua Sharp
sign,Kayla Graham
follow,Jose Martinez
instructions.,Luis Bishop
ENTRY,Robert Scott
69888,Crystal Combs
Nyt.EC2A.3LP.msg@150p,Anthony Walker
Knock,Lisa Williams
whose,Frank Reynolds
choice.,David Chan
www.tkls.com,Michael Shepherd
stoptxtstop£1.50/week,Troy Greene
cc100p/min,Jeffrey Evans
RING,Patty Bray
"""POLYS""",Jeffrey Reese
87131.,Eric Hall
tone.,Laurie Moore
0870737910216yrs,Laura Herrera
£1.50/wk.,Shelia Porter
077xxx,Linda Harrison
09066362206,Amy Lee
150p/Mtmsgrcvd18,Stephanie Chen
how,Adriana Robinson
today?,Lonnie Jones
would,Mary Mckenzie
"chat,",Aaron Blackburn
look,Karen Stewart
sexy?,Suzanne Smith
W4,Andrew Duncan
5WQ,James Sandoval
norm,Roberto James
150p/tone,Anthony Cain
mobile?,Lydia Richard
Network.,Dalton Hill
PARK,Thomas Levine
69696,Elizabeth Smith
Nyt.,Jessica Watkins
3lp,David Ray
£1.50/msg,Natalie Walker
response,Keith Johnson
fone,Walter Johnson
hit,Steven Holloway
include:,Tony Moody
1)McFly-All,Theresa Anderson
"Ab..,",Jessica Hall
2),Eric Carey
Sara,Gregory Flores
Jorge-Shock..,Matthew Tran
3),Brian Mora
Smith-Switch..,Richard Lewis
instructions,Michael Burns
sports,Robert Brown
fans,Zachary Wilson
str*,Corey Martinez
PLUS,Jennifer Lara
SPORT,Cesar Lawson
0870141701216+,James Winters
4txt/120p,Christopher Peters
Europe,Cesar Rojas
"away,",Jennifer Adams
10th,Paige Bell
Sept,Dr. Mark Price
09050000555.,Tammie Graham
BA128NNFWFLY150ppm,Shawn Hines
£12,Walter Garcia
flirt?,Jonathan Thomas
UKs,Tammy Torres
fastest,Jane Kennedy
growing,Laura Abbott
rcvd,Roger Lee
optout,Jordan Beard
83021.,Deanna Miller
DOUBLE,Stacey Ford
tariffs,Stephen Molina IV
AND,Valerie Johnson
2stoptxt,Kevin Underwood
luxury,Kevin Church
Canary,Angel Wright
Islands,Charles Ryan
20M12AQ.,Robert Gill
Lux,Mary Boyd
James,Katie Roberts
"28,",Lawrence Smith
EH74RR,Ronald Hogan
Married,Lisa Luna DVM
women,Joseph Kelley
action,Kim Ellis
instantly,William Bush
phone.,Carl Parrish
MATCH,William Walters
69969,David Shannon
BCMSFWC1N3XX,Benjamin Copeland
Burger,Jeremy Owens
King,Suzanne Cole
footy,Katelyn Evans
stadium?,Timothy Murphy
Large,Aaron Duran
Super,Mrs. Danielle Henderson
Coca-Cola,Anna Garcia
walk,Robert Thomas
come,Logan Yoder
little,Kelly Castro
child,Matthew Hunter
afraid,Sarah Gilmore
dark,Cheryl Lewis
become,Jonathan French
teenager,Wesley Miller
wants,Amanda Harris MD
night?,Sara Horne
U’ve,Daniel Johnson
Bin,Lisa Cook
Awarded,Joe Wright
£50,Rebecca Butler
Instant,William Murray
Cash.,John Thomas
08715203028,Julia Jordan
Claim.,Alice Tyler
EVERY,Barry Hayes
9th,Amanda Spencer
Player,Diane Craig
Wins,Tammy Robinson
Min,Barbara Wilkinson
£50-£500.,Megan Bryant
08718727870,Tina Vasquez
FreeMsg>FAV,Steven Long
TONES!Reply,Philip Russell
mobs,Eric Lee
2u,Lauren Alvarez
POLY,Steven Turner
BREATHE1,Christopher Davis
"CRAZYIN,",Ashley Underwood
"SLEEPINGWITH,",Susan Weaver
"FINEST,",Johnny Wilson
YMCA,Michelle Irwin
:getzed.co.uk,Andrew Schwartz
POBox365O4W45WQ,Angelica Delgado
300p,Joseph Glenn
INTERFLORA,Angela Richardson
It's,Nathan Wilson
too,Kenneth Wang
late,Kenneth Rodriguez
Interflora,Katie Simmons
flowers,Christian English
christmas,Kevin Ramos
505060,Nancy Buck
Midnight,Jennifer Hunter
tomorrow.,Tiffany Taylor
ROMCAPspam,Todd Galloway
Everyone,Patricia Wagner
should,Steven Castro
responding,William Marshall
well,Shane Williams
presence,James Adams
since,Heather Chandler
warm,Bonnie Franklin
outgoing.,Ryan Parks
bringing,Elizabeth Carey
breath,Kimberly Grant
sunshine.,Robert Logan
08712103738,Joanna Cummings DDS
150p.,Jacqueline Houston
You've,Rick Jones
EURO2004,Mr. Steven Wolfe
CUP,Laura Sims
FINAL,James Strong
"CASH,",David Thompson
09058099801,Hailey Guerra
"b4190604,",Shelly Cummings
7876150ppm,Shannon Schneider
Free-message:,Christopher Gallegos
Jamster!Get,Jonathan Jackson
crazy,Yolanda Elliott
frog,Shane Lewis
sound,Heather Lee
"MAD1,",Amy Bailey
MAD2,Whitney West
88888.,Janice Marshall
sounds,Jessica Gutierrez
GBP/week!,James Frost
16+only!,Michael Greer
BE,Michelle Castaneda
REALITY,Zachary Howell
FANTASY,Anthony Wise
SHOW,Erik Thompson
Adult,Joseph Johnson
shortly,Casey Brown
call.,Ernest Mahoney
Boys.,Christopher Mendoza
phone?,Carol Hill
PORN,James Blair
"69855,",Alex Herrera
24Hrs,James Burch
50p,David Norton
day.,Tamara Johnson
STOPBCM,Debbie Smith
SF,Carlos Crane
pdate_Now,Veronica Weaver
tariffs.,Vanessa Santos
call2optout/!YHL,Shawn Adkins
09058094454,Robert Cole
Sorry!,Stephanie Ayers
yet.,David Taylor
MOB,Melissa Ball
package,Andrea Herrera
54,Cassandra House
weeks>,James Hill
resubmit,Brittany Jones
request,Jacqueline Hayes
expiry.,Cory Jacobs
THEMOB,Lisa Daugherty
08712400200.,Stephanie Valdez
08718723815.,Sheila Monroe
"£1,500",Samantha Nolan
27/6/03.,Susan Morris
08714714011,Daniel Berg
ever,Jonathan Carter
you're,Mia Adams
"driving,",Kyle Miller
anyone,Allison Jimenez
going,Heather Bell
slower,Christopher Swanson
than,Lauren Conley
idiot,Joseph Huffman
everyone,Randy Morrison
driving,Dalton Wall PhD
faster,Keith Arroyo
maniac?,Ronnie Kim
DVD!,Bailey Taylor
call2optout/4QF2,Jill Wyatt
professional,Christopher Richards
sport,Elizabeth Grant
Tiger,Amanda Allison
Woods,Nicole Smith
play?,Carrie Bishop
POLYPHONIC,Kathleen Nelson
PT2,Larry Waters
Welcome,Jacqueline Fields
improved,Natasha Morales
club!,Rachel Wilkerson
msgs@150p,Erin Anderson
18+only,Juan Myers
12Mths,Tami Fernandez
Half,Tina Reyes
Price,Brittney Robinson
rental:,Laura Rosario
400mins...Call,Lori Miller
call2optout=J5Q,Anthony Erickson
HARDCORE,Carmen Dennis
69200,Timothy Miller
hrs,Melinda Malone
chrgd@50p,Joel Robinson
2exit.,Miguel Case
unsubscribed,Logan Farmer
services.,Alexis Schultz
tons,Charles Valencia
hunks,Steven Gonzalez
phone!,Renee Arnold
http://gotbabes.co.uk.,Joshua Watson
subscriptions.,Angela Peck
"Jordan,",Amanda Sherman
u?,Christina Jones
home,Randy Macias
abroad,Stephen York MD
"lonely,",Christopher Ross
xxSP,Shannon Hernandez
visionsms.com,Christopher Gutierrez
stopCost,Rebecca Diaz
08712400603,Mark Sims
being,Daniel Wheeler
agent,Kimberly Jones
Mob!,Aaron Jones
Plus,David Smith
loads,Brenda Moore
goodies!,Amy Powell
MAT,Darius Anderson
LORD,Nicole Tucker
OF,Deanna Thomas
RINGS:RETURN,Tiffany Robinson
KING,Steven Espinoza
NOW!REPLY,James Watkins
LOTR,John Hester
June,David Soto
Chance,Tammy Lynch
soundtrack,Beverly Rivera
StdTxtRate.,Mary Roberts
Draw,Debbie Cross
28th,Patrick Juarez
Feb,Frank Moss
06.,Christopher Wise
removal,Jeffrey Myers
08708034412,Christina Ellison
str8,Hailey Phillips
Classic,Pamela Stewart
HIT,Lisa Washington
Polys.,Aaron Keith
Nokia/150p,Carrie Smith
Poly/200p,Paul Holmes
LookAtMe!:,Robert Williams
clip,William Williams
"LookAtMe!,",Pamela Sweeney
you've,Kimberly Stevens
35p.,Tracy Thompson
better?,Christopher Sanchez
MMSto,Sandra Horton MD
32323.,Kenneth Levy
im,Geoffrey Ryan
wet,Jose Watson
porn!,Kelly Nelson
fun?,Jennifer Beck
THIS,Michelle Martinez
RECD,Christopher Brown
MSGS,Kelly Jones
150P,Amy Miles
INC,Belinda Walton
VAT,Willie Hall
CANCEL,Vanessa Wall
TEXT,Edward Ball
09053750005,Darrell Andrews
310303.,Jermaine Reeves
08718725756.,Joyce Daniels
140ppm,Kristin Howard
http://www.e-tlp.co.uk/reward.,Michael Taylor
08712101358,Lindsay Marquez
88039.SkilGme.TsCs087147403231Winawk!Age16+£1.50perWKsub,Jamie Matthews
09066358361,Scott Davis
Y87.,Ian Molina
reference,Dr. Veronica Scott
X29.,Alexander Lara
4.50.,Christine Johnson
09065989180,Katherine Hill
08718726978,Sandra Fields
44,Jennifer Russell
"7732584351,",Chelsea Hardin
3510i,Edward Aguilar
DeliveredTomorrow?,Jessica Daniels
300,Jasmine Melton DDS
minutes,Lisa Matthews
Camcorder,Melissa Saunders
08000930705.,Larry Lewis
09058097189,Michele Hansen
Camera,Jo Gross
09061221066,Austin Simpson
fromm,Jacob Hutchinson
28,Anthony King
5226,Glenda Perez
?350,Michelle Wilson
hava,Kimberly Hill
1131,Tiffany Scott
RCT',Bethany Ortiz
THNQ,Robert Valencia
Adrian,Kristi Barnett
text.,Bobby Smith
Rgds,Jenna White
Vatian,John Wong
know!,Stephen Smith
"is,",Lisa Glover
09050000928.,Michael Parks
PoBox45W2TG150P,Donna Finley
Sorry,Diane Thomas
missed,Cory Oneal
talk,Benjamin Graham
time.,Cindy Boyd
07090201529,Kayla Quinn
STAR,Chelsea Roman
needs,Pamela Washington
URGENT,Tony Santos
09066364349,Patrick Thomas
lose,Brittany Jones
Box434SK38WP150PPM18+,Latasha Lee
MSG:We,Sara Conner
billed,Anne Marshall
mistake,Miranda Ochoa
shortcode,Jeanne Carlson
83332.Please,Jose Snyder
08081263000,Joshua Schneider
charges,Robert Jones
refunded.This,Tyler Hamilton
08712402972,Tammy White
Prize.,James Bates
09058095201,Edward Bishop
LIFE,Jessica Buchanan
never,Ashley Saunders
much,Steven Smith
came,David Craig
in.,Kristin Romero
made,Daniel Wise
truly,Nicholas Clark
won't,Michael Garcia
enjoy,Brandi Kidd
gbp/sms,Kathryn Banks
600,Randall Bell
400,Heather Fuller
Inclusive,Taylor Jordan
delTOMORROW,Brian Roberts
09066368470,Samantha Golden
Welcome!,John Lang
begin.,Gary Ryan
e.g,Julie Chambers
24M,Tammy Parker
Freemsg:,Timothy Ramos
1-month,Deanna Payne
calls!,Michelle Ortiz
SmartCall,Jack Rubio
68866.,Heather Miles
Subscriptn3gbp/wk,Samantha Wolfe
Help:,Erica Chandler
08448714184,Cameron Wilcox
Stop?txt,Christina Taylor
landlineonly,Scott Jones
mths?,Robert Frost
camera/video,Matthew Smith
Save,Bethany Reyes
£s,Curtis Long
texts/weekend,Crystal Moran
callback,Christopher Maddox
orno,Scott Hobbs
fink,Michael Bradshaw
met,Natalie Johnson
yet,Martha Rodriguez
09099726553,Tonya Adams
promised,Anthony Cox
CARLIE,Victoria Adkins
Calls£1/minMobsmore,Aaron Williams
LKPOBOX177HP51FL,Cheyenne Kelley
days.,Curtis Campbell
movie.,Mr. Michael Shepherd
89105.,Susan Garcia DDS
Its,Robert Rodgers
free!,George Tucker
Extra,David Morrow
films,Monique Tate
t's,Denise Manning
c's,Douglas Austin
wedding,Crystal Hansen
lingerie,Ian Pearson
www.bridal.petticoatdreams.co.uk,Robert Gross
superb,Daniel Martinez
delivery.,Charles Stephens
Brought,Rachel Davis
WeddingFriend,Andrew Krueger
night,Chris Greene
knickers,Cory Scott
on.,Michael Lopez
beg,Angela Parker
did,Bryan Weaver
01223585236,Kimberly Yoder
XX,Nina Smith
Nikiyu4.net,Karen Munoz
Bloomberg,Melissa Fox
-Message,Marilyn Shepherd
center,Dr. Stanley Shaw
+447797706009,Bryan Smith
wait?,Jason Hoover
Apply,Elizabeth Macdonald
http://careers.,Deborah Wade
bloomberg.com,Dylan Wilson
phone750,Anna Lucero
09050000878.,Melinda James
Wan2,John Simmons
Meet+Greet,Ronald Frazier
Westlife,Robert Romero
m8?,Brian Lynch
They,James Schmidt
tour?,Kayla Hutchinson
"1)Unbreakable,",Gregory Lopez
"2)Untamed,",Tracey Johnson
3)Unkempt.,Jeffrey Owens MD
"1,2",Lisa Wilson
83049.,Nicholas Rose
+std,Jeffery Potts
Dorothy@kiefer.com,Brandon Robinson
(Bank,John Mullins
Granite,Michael Huff
issues,Vanessa Hicks
Strong-Buy),Nathan Woods DDS
EXPLOSIVE,Edwin Miller
PICK,Kenneth Warner
OUR,Bonnie Reed
MEMBERS,Tara Robertson
*****UP,Courtney Woods
OVER,Mrs. Caroline Chapman
300%,John Long
Nasdaq,Christine Becker
Symbol,Brianna Harvey DDS
CDGT,Erik Scott
That,Derrick Dawson
$5.00,Laura Turner
per..,William Morris
Guaranteed,Ian Palmer
09071517866,Travis Harrington
150ppmPOBox10183BhamB64XE,George Marshall
Eve,Michelle Reed
tickets,Jesse Miller
"club,",Andrew Woodard
during,Erin French
10am,Timothy Russell
"8pm,",Sheryl Larsen
"Thurs,",Daniel Rose
Sat,Dawn Moore
They're,Antonio Nolan
selling,Michelle Rodriguez
fast!,Monica Dominguez
Rock,Matthew Cooper
chik.,Allen Ortiz
100's,Jacob Pratt
filthy,Karen Smith
&XXX,Rebecca Norman
FILTH,Mark Dunn
69669.,Theresa Reese
Saristar,Ashley Brown
E14,Larry Perez
9YT,Ronnie Morales
08701752560.,Mitchell Crawford
450p,Emily White
Stop2,Tasha Riggs
cancel,Yvonne Wheeler
month,Peter Stewart
50%,Jose Ramirez
activate,Steven Jacobs
9061100010,Gabriel Gonzales
Wire3.net,Patrick Gates
1st4Terms,Jaclyn Vasquez
PoBox84,Charles Wiggins
3UZ,Rebecca Miller
MobcudB,Deborah Lowe
09050000460,Robert Warren
J89.,Mr. Robert Rhodes
po,Emma Bailey
box245c2150pm,Erin Clark
BANNEDUK,Erik Ayala
see!,Stephanie Smith
round,Jennifer Patterson
4.,Travis Barnes
highest,Mr. John Hawkins DDS
£54.,Thomas Hanson
Next,Donald Anderson
maximum,Sean Zhang
£71.,Jason Porter
"bid,",Daniel Curry
BIDS,Mary Harmon
(to,Terry Melton
£10),Nathan Montgomery
83383.,Jill Henry
luck.,Matthew Dorsey
Collect,Allison Acosta
VALENTINE'S,Patricia Lopez
PARIS,Olivia Shaw
inc,Stephen Jones
Flight,Heather Robles
Hotel,Anna Diaz
guaranteed!,Kyle Myers
Text:,Melanie Jefferson
69101.,Charles Anderson
www.rtf.sphosting.com,Jennifer Dominguez
believe,John Jacobs
true.,Jennifer Evans
It's,Frank Torres
Incredible,Kimberly Kelly
Txts!,Charles Ramirez
learn,Ashley Castillo
things,Joel Schmidt
blow,Caitlyn Hardin
mind.,Ariana Acosta
O2FWD,Michael Johnson
18p/txt,Austin Wright
willing,Kelly Baker
strt,Donna Jones
LtdHelpDesk:,Yvonne Cowan
02085076972,Robin Scott
Colour,Theresa Buckley
Delivered,Ryan Smith
Tomorrow?,Monica Nolan
200,Adam Andrews
YOU'VE,Kristopher Long
Won.,Tyler Murphy
You're,Robert Brown
Winner,Maxwell Arnold
August,Adam Drake
Draw.,Katherine Stephenson
09066660100,Levi Rogers
2309.,Danny Hopkins
Alfie,Austin Torres
CHARITY,Rachel Myers
nokias,Timothy Johnson
:zed,Jonathan Riddle
tonights,Charles Hunt
game!,Eugene Brown
84199.,Steven Carey
Optout,Tracy Young
recently,Joshua Baker
unable,Nicholas Patton
"so,",Jennifer Decker
07090298926,Megan Smith
re-schedule.,Kyle Curtis
Ref:9307622,Jose Stephens
"""STOP",Austin Taylor
"MIX""",Damon Stokes
my-tone.com/enjoy.,Claudia Rivas
html,Michael Zavala
terms.,Adam Hunter
GBP4.50/week.,Jordan Cunningham
"MFL,",Vincent Hall
1146,Tracy Jones
(2/3),Jessica Hogan
wamma,Christopher Crawford
laid?want,Laura Walsh
doggin,Debra Kemp
network.,Matthew Craig
dogs,Justin Davis
now!nyt.,Amber Velazquez
£1.50/msg.,Christopher Alvarez
Promotion,Daniel Johnson
Number:,Wendy Wallace
8714714,Heidi Juarez
087147123779am-7pm.,Alexander Williams
X49.,Megan Davis
09065989182.,Patrick Kim
From:,Diane Hall
[colour=red]text[/colour]TXTstar,Robert Ramirez
"there,",Theresa Wood
2nights,Lisa Miller
night!,Kim Bailey
Uve,Deanna Lynch
"XCHAT,",Jack Hall
Uks,Julia Ferguson
wildest,Cory Haas
chat!,Jason Lopez
2/2,Renee Martin
146tf150p,Steve Nguyen
Holder,Renee Barton
class,Sara Lewis
airport,Katie Perry
lounge,Amy Watts
passes,Troy Stout
using,Julie Baker
08704439680.,Michael Chavez
booking,Jacqueline Smith
quote,Amy Hernandez
guess,Scott Turner
09058095107,Haley Davis
"7,",Jimmy Daniels
S3XY,Yvette Jones
"Mila,",Carolyn Becker
"age23,",Julie James
"blonde,",Zachary Bryant
MTALK,Jordan Taylor
69866.18,Katelyn Ware
30pp/txt,Amanda Thompson
5free.,Austin Brewer MD
increments.,David Mason
Help08718728876,Anthony Garcia
"spree,",Stephanie Reed
08717895698,Brian Turner
won!,Michelle Morrison
MobStoreQuiz10ppm,Deanna Berg
funk,Michael Davis
TONES2U,Melissa Williams
"Twinks,",Andre Strong
"bears,",Kenneth Estrada
"scallies,",Danielle Weaver
skins,Amanda Miller
jocks,Lauren Romero
Don't,Gloria Wilson
weekend's,Felicia Carter
fun.,Gary Holmes
08712466669,Terri Weaver
08712460324(nat,Wendy Sanchez
09061701851.,John Cox
K61.,Katherine Mack
12hours,Robert Combs
74355,Noah Miller
iscoming,Melissa Huynh
TnC,Anthony Patrick
row,Jessica Norton
Blu,Brandon Hawkins
concert,Corey Greene
November,Stefanie Juarez
09061104276,Erin Taylor
TS&Cs,Justin Ramirez
cost£3.75max,Timothy Diaz
msg:,Ashley Fuller
Single?,Jennifer Lee
area!,Dylan Perez
now!Send,Laura Robbins
62220Cncl,Dustin Marshall
STOPCS,John Ryan
08717890890£1.50,John Molina
Harry,Steve Ramos
Msg:,Donald Smith
Ringtone!From:,Brandon Campbell
http://tms.,Jared Deleon
widelive.com/index.,Robert Anderson
wml?id=1b6a5ecef91ff9*37819&first=true18:0430-JUL-05,Susan Mendoza
Oh,Sandra Kennedy
god!,Mallory Moore
I've,Emily Sanford PhD
found,Austin Hensley
again!,Jessica Logan
"glad,",Meagan Williams
xafter,Evan Carter
cst,Kristin Snyder
chg,Dillon Morse
picture,Kevin Allen
sent.,Carol Bates
http://alto18.co.uk/wave/wave.asp?o=44345,Stacy Morrison
call2optout/HF8,Jordan Singleton
YESTERDAY,Natasha Johnson
09061702893.,Ana Grimes
07XXXXXXXXX,Joshua Young
08719181259,Joe Brown
code:,Shannon Mason
XXXXX,Tyler Huber
26.03.05,Darren Howell
handset?,Chad Vazquez
Line,Lisa Bartlett
Rental?,Bianca Mathews
FREE>Ringtone!,Jeanne Sanders
REAL1,Elizabeth Heath
PushButton,Hannah Bell
DontCha,Allison Tucker
BabyGoodbye,Heather Hodges
GoldDigger,Lawrence Roach
5.,Shannon Mcconnell
WeBeBurnin,Emma Haney
Gnarls,Gregory Hicks
Barkleys,Brendan Flores
"""Crazy""",Kristin Golden
TOTALLY,Timothy Hardin
right,Earl Baker
Refused,Robert Phillips
loan?,Jodi Moore
Secured,Dr. John Wiggins PhD
Unsecured?,Randall Wolfe
Can't,Shannon Horton
credit?,Dr. John Hudson DVM
195,Robert Swanson
6669,Christopher Mcdonald
will!,Derek Nelson
"""3000",Jonathan Taylor
HAVE,Frederick Richards
WON!,Melissa Flores
picked,Sandra Williams
easy.,Mr. Daniel Howard
09061743386,Vincent Green
mths,Jonathan Warner
txts.,Gregory Melton
Call2OptOut/674&,Jeremy Pena
ringtoneking,Edward Gomez
84484,Kayla Gray
housewives!,Jason Hudson
0871750.77.11!,James Acevedo
BT-national,Tracy Washington
landlines!,Joseph Sanders
Thurs,Yesenia Myers
£400,Dawn Morrison
087104711148,Denise Harper
receiving,Beth Johnson
Triple,Stephen Riggs
Echo,Jason Davila
it!,Steve Horton
Dial,Kendra Romero
Call.,Lindsey Ferrell
"Bx526,",Shawna Clay
ARE,Jeffrey Hayes
CHOSEN,Matthew Gonzalez
AWARD!,Amanda Ford
09066364311,Paula Herman
customer.,Scott Jenkins
X49.Your,Phillip Kennedy
09065989182,Kelsey Carlson
accessible.,Joshua Nelson
08709501522,Jasmine Mcclure
details!,Katherine Jones
"139,",Vickie Tucker
LA3,Thomas Garcia
2WU.,Jacob Walker
£1.50/week.,Marcus West
Dating,Paula Smith
09064017305,Carlos Smith
PoBox75LDNS7,Madeline Jones PhD
TBS/PERSOLVO.,Robert Stephens
chasing,Richard Arias
for£38,Nancy Patel
definitely,Beverly Martinez
paying,Deborah Alvarez
thanks,Kelly Stone
information.,Brittney Higgins
ignore,Louis Summers
them.,Caitlin Wells MD
Kath.,Debbie Colon
Manchester.,Wendy James
Loans,Matthew Greer
Bad,Scott Ferguson
Credit!,Kenneth Aguilar
Welcome.,Angela Thompson
NoWorriesLoans.com,Kelly Mathews
08717111821,Haley Bennett
87077:,Christine Swanson
Kick,Samantha Hall
season,Stephen Hamilton
2wks,Benjamin Jones
goals,Dr. Kimberly Davis
VILLA,Debbie Cox
brings,Lisa Johnson
Chart,Erin Perez
"Heroes,",Sarah Meyer
Ringtones,Kevin Bass
Pics,Larry Kennedy
tips,Mark Bryant
07973788240,Jacob Hammond
08715203649,Kevin Wells
GSOH?,Kimberly Norton
SPAM,Jennifer Matthews PhD
ladies?U,Melissa Clark
male,Elizabeth Hernandez
gigolo?,Christopher Williams
uk's,Nicole Garcia
mens,Kevin Harris
ONCALL.,Christina Sawyer
mjzgroup.,Dwayne Kennedy
08714342399.2stop,Felicia Strickland
msg@£1.50rcvd,Richard Hodge
08707500020,Kevin Hoffman
<UKP>2000,Seth King
09061790125,Courtney Higgins
SPJanuary,Lori White
ready!,Whitney Henry
town.,George Thompson
games!,Mercedes Porter
Simpsons,Melissa Rodriguez
Movie,Megan Johnson
released,Jackson Martin
July,Cody Williams
band,Barbara Delgado
died,William Kramer
film?,James Meadows
A-Green,Tanya Richardson
"Day,",Taylor Hays
B-Blue,Jonathan Fisher
C-Red,Stephanie Edwards
Day.,Ronnie Terry
(Send,Lisa Maldonado
"A,",Hayley Thomas
C),Randall Johnston
Amanda,Christine Perez
regard,David Benitez
renewing,Garrett Ferguson
upgrading,Jamie Martinez
current,Amy George
handset,James Mcdonald
Tel,Rebecca Miller DDS
3680,Diana Nelson
subject,Jason Khan
T's,Joshua Tucker
Phone?,Linda Arnold
months?,Trevor Adams
http://www.wtlp.co.uk/text.,Tracey Perez
0906346330.,Amy Michael
Spanish,Mark Shaw
47,Mark Alexander
PO19,Taylor Griffith
2EZ,Jessica Sullivan
cmon,Charles Frederick
"babe,",Stephanie Campbell
"horny,",Dr. Scott Hays PhD
*turn*,Jonathan Payne Jr.
on!,Derrick French
fantasy,Darren Meyer
-),Harry Leonard
"hot,",Carrie Simpson
sticky,Margaret Smith
All,Jason Howard
replies,Mr. Barry Martinez
£1.50.,Philip Holmes
ORANGE,Luis Smith
USER,Valerie Romero
0796XXXXXX.,Michael Galvan
DAY!2,Kimberly Nielsen
THERE'S,Gina Elliott
PRIZEAWAITING,Raymond Gomez
Missed,Nancy Galloway
These,John Wallace
called,Cameron Brown
left,Randy Smith
07008009200,Jason Green
FREEMSG:,David Edwards
records,Mark Haynes
indicate,Anthony Miller
3750,Jill Mcfarland
Accident,William Ryan
had.,Tami Wagner
Show,Raymond Meyer
colours!,Jackie Harris
Euro,Heather Lin
2-4-1,Jose Phillips
Flag,Anthony Mendoza
3Lions,Kim Barnes
info!,Michael Pugh
PASS,Ashley Morris
69669,Melissa Jones
polyphonic,Tina Hale
ringtones.,Kelly Clark
Normal,Megan Wells
gprs,Mary Diaz
accordingly.,Daniel Mullen
"repeat,",Justin Gallagher
Block,Sharon Harris
Breaker,Tony Ball
deluxe,Elizabeth Patterson
format,Holly Trujillo
features,Regina Conner
graphics,Levi Wade
T-Mobile.,David Abbott
£5,Jamie Macias
BBDELUXE,Zachary Walker
challenge,Wendy Winters
orange,Jose Vega
today,Amy Payne
day!2find,Terry Jackson
Natalja,Samuel Brooks
(25/F),Brian Garcia
YES-440,Brian Sellers
NO-440,Jasmin Frazier
www.SMS.ac/u/nat27081980,Debra Park
URGENT.,Thomas Carson
02,Kenneth Duncan
Kit,Jessica Cochran
Strip,Daniel Mcintyre
1013,Cynthia Craig
IG11,Stephanie Small
OJA,Brittany Davis
08712402578,Amanda Hess
thesmszone.com,Connor Obrien
lets,Wendy Bailey
anonymous,Tina Lopez
masked,Robert Cook
messages..im,Rachel Brown
sending,Steven Smith
there..do,Jesse Bryant
potential,Jennifer Rogers
abuse???,Rachel Rogers
09061744553,Jake Townsend
polyH,Denise Hall
0789xxxxxxx.,Michael Fuller
shy!,Anthony Delgado
09058091870,Jimmy Howard
"POBox84,",Sherry Kelley
del,Kimberly Bell
AM,Joshua Boyd
£600.,Michael Miller
question:,Carl Reynolds
Complete,John Thornton
"landmark,",Shaun Robinson
"Big,",Joseph Taylor
A.,Roy Vasquez
"Bob,",Joseph Rivera
Barry,Frank Barrera
C.,Sarah Stanley
Ben,Rachel Cook
?.,Jeffrey Jimenez
83738.,Catherine Reilly
TONEXS,Kaitlin Miles
renewed,Edwin Sanchez
month.,Dustin Vargas
www.clubzed.co.uk,Brett Adams
*BILLING,Jose Bailey
MSG*,Briana Williams
"don't,",Elizabeth Williams
another,Luke Martinez
www.t-c.biz,James Rodriguez
Polo,Laura Price
Suite,Derrick Duncan
373,Todd Burnett
W1J,Kenneth Sawyer
6HL,Christopher Norton
busy,Stephanie Smith
8000930705,Sarah Mccann
RECPT,Patrick Zuniga
1/3.,Karl Gibson
Ringtone.,Derrick Parker
processed...,Caroline Maldonado
subscribers,Lindsey Allison
G.B.,Daniel Hayes
ENTER.,David Alexander
Headset,Mrs. Jennifer Smith MD
simply,Mark Vasquez
"""ADP""",Jeffrey Carson
floppy...,Julia Vaughn
snappy,Stephanie Mcbride
happy!,Stanley Lawrence
UK-mobile-date,Michael Smith
giving,Michael Jacobs
08719839835.,Alexandra Knight
Future,Steven Malone
mgs,Holly Rodriguez
"""go",Justin Garcia
"stop""",Emma Davidson
89123,Michael Frank
explicit,Kelly Rogers
SEX,Nathan Anderson
30,Julie Martin
secs?,John Young
Ring,Jasmine Rosales
02073162414,Brady Wagner
Costs,Brandi Prince
20p/min,Andrew Mclean
iPOD,Janet Hopkins
+£400,Joseph Gardner
proze,John Grant DVM
GUARANTEED!,Courtney Tucker
with:,Elizabeth Miller
83355,Michael Holland
Norcorp,Richard Frost
"Ltd.£1,50/Mtmsgrcvd18+",Matthew Harris
items,William Adams
7cfca1a,Amanda Parker
Money,Christopher Morales
wining,Katie Cooper
946,Jose Frye
wot,Sherry Edwards
cock!,Kaitlin Harper
My,James Potts
hubby's,Shirley Hartman
man,Ms. Theresa Scott DDS
WIFE,Joseph Ballard
89938,Melissa Mcmahon
strings,Kelly Rodriguez
action.,Vanessa Ross
(Txt,Jose Oconnor
"end,",Erin West
rec,Lori Miller
£1.50ea.,Christopher Erickson
OTBox,Jeffrey Martinez
731,Rachel Andrade
LA1,Amanda Ferguson
7WS.,Jennifer Henry
sexiest,Jennifer Monroe
dirtiest,Bradley Gonzalez
89070,Monique Li
baby,Katie Jacobs
wow,Kimberly Davidson
moby.,Elizabeth Estes
pic?,Ruth Allen
chat?Im,Fernando Scott
w8in,Jason Parker
4uTxt,Holly Morales
laugh?,Ryan Newton
CHIT-CHAT,Jose Flynn
Logon,Joseph Willis
8883,Kyle Ware
CM,Kathleen Hall
4217,Pedro Carlson
W1A,Michael Crawford
6ZF,Dr. Erin Payne
118p/msg,John Kerr
£1000CALL,Angela Hoffman
09071512432,Kimberly Gray
300603t&csBCM4235WC1N3XX.callcost150ppmmobilesvary.,Jennifer Greer
contract,Lisa Terrell DDS
Mnths?,Sean Higgins
"callback,",Kelli Ryan
remove,Samantha Wallace
09065171142-stopsms-08718727870150ppm,Brian Adams
86888,John Miranda
reward,Charles Walker
Subscribe6GBP/mnth,Jordan Ortiz
3hrs,Dale Jackson
stop?txtStop,Tracy Parker
Quiz!,Lisa Malone
super,Christopher Solis
recorder,Peter Curtis
canname,Roger Galloway
capital,Taylor Brown
Australia?,Benjamin Hernandez
MQUIZ,Heather Hall
7634,Jennifer Oconnor
reward.,Nancy Flynn
7684,Lori Forbes
ripped,Heidi Tucker
www.clubmoby.com,Matthew Miller
08717509990,Frank Ferrell
poly/true/Pix/Ringtones/Games,Jennifer Caldwell
six,Brad Andrade
REWARD,Jennifer Price
WAITING,Amanda Fitzpatrick
randomly,Katie Camacho
loyal,Angela Davis
customers,Brittany Roberts
09066380611,Lisa Garcia
08718738002,Lauren Stephenson
48922,Tyrone Savage
21/11/04,Jimmy Greene
07099833605,Kyle Harvey
Ref:9280114,David Rose
"Chloe,",Lucas Adams
smashed,Thomas Gardner
saturday,Heather Butler
"night,",Patricia Shaw
great!,Tiffany Hernandez
weekend?,Lauren Marshall
missing,Christine Schroeder
me?,Hannah Mitchell
150p/text,Diana Williams
07808726822,Jamie Mendez
0871-872-9758,Robert Gordon
GAME.,Scott Mcdowell
Rayman,Jordan Cervantes
Golf,Laura Arnold
Arcade.,Patricia Wilcox
"POST,",Richard Powell
save,Brian Rodriguez
activ8.,Katie Rowland
key,Oscar Allison
Termsapply,Robert Clay
Camera/Video,Kara Rose
SAME,Ashley Clark
"NUMBER,",Stephanie Henderson
mins/texts.,Rebecca Riley
Cool-Mob,Derek Crawford
!This,Patricia Yang
1),Megan Williams
Crazy,Diana Patterson
Frog-AXEL,Jodi Williams
F>>>,Elizabeth Francis
Akon-Lonely>>>,Cory King
Black,Kristie Cook
Eyed-Dont,Laura Bruce
>>>More,Rebecca Hines
Cashbin.co.uk,Mr. Timothy Henderson
(Get,Jeffrey Mccullough
lots,Sandy Howard
weekend!),Elizabeth Richardson
www.cashbin.co.uk,Pamela Gaines
EVER,Sharon Garcia
away!!,Kenneth Gutierrez
These..,Nicholas Griffin
continued,Ryan Mcgee
support,Joseph Moore
in2,Dustin Perez
cash.,Amy Murphy
Name,Melissa Fuentes
US,Brian Roberts
President?,Brian Oneill
ID,Angela Wade
1172.,Ashley Martinez
-call,Tamara Taylor
09066649731from,Hannah Valdez
09061702893,Kathryn Taylor
Santa,Sara Melton
calling!,Brett Harris
ones,Dave Proctor
Eve?,Billy Carpenter
09077818151,Wesley Miller
book,David Cabrera
Calls1.50ppm,Ann Keith
30s,Erin Peck
www.santacalling.com,Anthony Wilson
078498****7,Kristina Rivera
08719180219,William Pierce
06.05.05,Kelly Dunn
Out,Frank Morgan
Babe,Benjamin Roberts
Videos,Scott Travis
sms.shsex.netUN,Daniel Simpson
fgkslpoPW,Jason Sanchez
fgkslpo,David Jones
ave,Joseph Powers
0871277810710p/min,Joseph Gardner
£1.,Allison Moon
TXTAUCTION.,John Harris PhD
08715203652,Gilbert Cox
42810,Eric Martinez
29/10/0,Heather Navarro
**FREE,John Edwards
MESSAGE**Thanks,Lauren Thompson
Subscription,Keith Warren
Service.,Francisco Davis MD
150p/MSGRCVD,Barry Cook
Skip,Meghan Campbell
OUT.,Michael Davis
CustomerCare,Ryan Vang
08718726270,Steven Hill
lyricalladie(21/F),Jamie Thompson
YES-910,Nicole Hardin
NO-910.,Mia Gibson
www.SMS.ac/u/hmmross,Michael Parks
ou,Michelle Jennings
FREE*,Annette Jackson
SUPER,Tina Davis
SN,Bobby Davis
PoBox202,Kimberly Compton
NR31,Joseph Moore
7ZS,James Perez
450pw,Mitchell Grant
Warner,Renee Summers
Village,Michael Scott
83118,Laurie Allen
Colin,Jacqueline Chang
Farrell,Heather Bailey
SWAT,Angel Brock
wkend,Sarah Ortiz
@Warner,Crystal Smith
med.,Cassie Hinton
Popcorn!Just,Samantha Mack
show,Andrea Brennan
msg+ticket@kiosk.Valid,William Thomas
4-7/12.,Ashley Johnson
t&c,Jennifer Dalton
@kiosk.,Sandra Esparza
SONY,Mrs. Stephanie Schneider
mre,Martha Bridges
film,Kyle Sanchez
Goal!,Ryan Tapia
Arsenal,Jeremy Moore
"(Henry,",Travis Cruz
Henry,Lisa Brown
scores,Tony Gonzalez
simple,Alison Price
shot,Mrs. Natalie Reed
yards,Jacqueline Soto
Bergkamp,Margaret Mathis
goal,Leslie Alvarez
margin,Deborah Woodward DVM
78,Kimberly Martinez
SEXYCHAT,James Wilkerson
chatting.,Taylor Christensen
"Amy,",Kimberly Wong
couple,Erica Haynes
"days,",Ralph Salas
parties...,Andrew Frederick
"Select,",Richard Walker
added,Christina Scott
benefits.,Joshua Cooke
trained,Miss Jody Perez MD
advisors,Mindy Warren
dialling,Eric Butler
402.,Richard Owens
holder,Linda Anderson
meal,Deanna Smith
us.,Vanessa Craig
pc,Matthew Burton
dining,Cristina Hampton
experiencehttp://www.vouch4me.com/etlp/dining.asp,Richard Rich
09058094507,Teresa Bryant
donate,Jenny Powell
£2.50,Alexander Davidson
UNICEF's,Brian Frazier
Asian,Lindsey Romero
Tsunami,Amy Fitzpatrick
disaster,Melissa Martinez
fund,John Williams
texting,Crystal Davis
DONATE,Linda Carrillo
864233.,Tiffany Murphy
goldviking,Kelly Washington
(29/M),Krista Austin
his,Emma Woodward
YES-762,Barbara Oconnell
NO-762,Katie Mueller
him:,Morgan Miller
www.SMS.ac/u/goldviking,Makayla Mueller
Phony,Robert Hester
XXXX,Lance Woods
4u:,Heather Fischer
£125,Felicia Jacobs
Freeentry,Kimberly Beard
xt,Anthony Smith
www.ldew.com1win150ppmx3age16,Tina Brown
08714712412,Donald Compton
150p/meg.,Joshua Gill
HG/Suite342/2lands,Gary Bishop
Row/W1j6HL,James Young
08715203685,Andrew Deleon
Code:4xx26,Thomas Mercado
13/10/04,Nathan Hamilton
deepest,Joshua Cannon
darkest,Daniel Brown
fantasies.,Carl Gomez
09094646631,Austin Chandler
(nat,Megan Nelson
Natalie,Brenda Stone
(20/F),Rhonda Wise
YES-165,Ronald Turner
NO-165,Katherine Ferguson
www.SMS.ac/u/natalie2k9,Daniel Guzman
Jamster!,Bill Chan
wallpaper,Ronald Andrews
HEART,James Lowe
88888,Martin White
08701213186.,Christina Moreno
Call2OptOut/674,Matthew Velez
83039,Wesley Mcpherson
62735=£450,Kevin Parker
AccommodationVouchers,Krystal King
mustprovide,Adam Powell
15541,Renee Martinez
5p,Jesse Hebert
WEEK,Gregory Jones
Starting,Lauren Harrison
88039.,Tina Ferguson
TsCs08714740323,Jim Singleton
1Winawk!,Steven Carter
£1.50perweeksub.,Terri Hendrix
09066361921,Ian Smith
TheMob>Hit,Sarah Crawford
Pink,Kristin Nelson
Panther,Veronica Anderson
"game,",Mrs. Holly Mueller DDS
no.,Thomas Maddox
"Sugababes,",Willie Dudley
Zebra,Wendy Watson
animation,David Reynolds
badass,Travis White
Hoody,Jason Howard
wallpaper-all,Michelle Best
resent,Alexis Smith
previous,Danielle Browning
failed,Chase Rodriguez
due,Sean Kennedy
error,Bryan Cantu
Queries,Audrey Green
customersqueries@netvision.uk.com,Gina Wong
08715205273,Mark Cummings
VCo,Mark Ingram
078,James Hill
VE,Jacob Norman
garden,Larry Hensley
summer,Sarah Byrd
bulbs,Jacqueline Sampson
seeds,Paige Contreras
£33:50,Wanda Thompson
Scotsman,Matthew Santiago
Saturday.,Thomas Pope
go2,Cynthia Kelly
notxt.co.uk,Rodney Owen
